nombre_seccion,pais_producto,descripcion_subfamilia,subfamilia_producto,pais_proveedor,beneficio_producto,familia_subfamilia,tipo_unidad_producto,periodo_pago_proveedor,precio_venta_producto,telefono_proveedor,direccion_proveedor,tipo_proveedor_proveedor,codigo_proveedor_producto,nombre_proveedor,codigo_producto,pago_pendiente_proveedor,descripcion_producto,nombre_subfamilia,marca_producto,alcance_proveedor,persona_contacto_proveedor,codigo_proveedor,descripcion_seccion,coste_producto,descripcion_familia,seccion_familia,nombre_familia
Vinos,Estados-Unidos,NULL,D.O.-Napa-Blanco,Estados-Unidos,12.23,D.O.-Napa,Botella,30,26.85,8876445,1301-NE-4th-Ave -Boca-Raton--FL-33030--USA,NULL,321,The-Company-of-West-Vineyards,212CF,NULL,Cabernet-Franc-97,D.O.-Napa-Blanco,West-Vineyards,Global,Ricky-Castro,321,NULL,14.62,NULL,Vinos,D.O.-Napa
Postres,Francia,NULL,Galletas-de-mantequilla,Francia,1.07,Galletas,Caja,60,3.5,76760987,119-Rue-Volney---75498-Paris--France,NULL,203,Heritiers-La-Mere-Marie,121GA,NULL,Galettes,Galletas-de-mantequilla,La-Mere-Marie,Global,Catherine-Gaulle,203,NULL,2.43,NULL,Postres,Galletas
Espumosos,Francia,NULL,D.O.-Champagne-Brut,Francia,26.94,D.O.-Champagne,Botella,90,54.0,88902682,3-Avenue-Georges---25003-Lyon--France,NULL,313,Chateau-d'Or,288BR,NULL,Brut-Rose,D.O.-Champagne-Brut,Chateau-d'Or,Global,Julie-Deschamps,313,NULL,27.06,NULL,Espumosos,D.O.-Champagne
Quesos,Francia,Textura-del-queso,Vaca-Pasta-veteada,Francia,1.47,Vaca,Porcion-(250-g),60,4.73,79034678,96-Rue-Vauvilliers ---75003-Paris--France,NULL,103,Compagnie-Laitier,020BA,NULL,Bleu-d'Auvergne,Vaca-Pasta-veteada,La-Vache-Blue,Global,Florence-Deveroix,103,NULL,3.26,Tipo-de-leche,Quesos,Vaca
Vinos,Espana,NULL,D.O.-Rioja-Tinto,Espana,2.94,D.O.-Rioja,Botella,90,7.6,912349643,Pza.-de-Las-Cortes--7--Madrid-28011--Espana,NULL,303,Bodegas-Herederos-de-Don-Emilio,154TR,NULL,Tinto-Reserva-95,D.O.-Rioja-Tinto,El-Senorio,Global,Jaime-Serra,303,NULL,4.66,NULL,Vinos,D.O.-Rioja
Vinos,Estados-Unidos,NULL,D.O.-Napa-Blanco,Estados-Unidos,7.94,D.O.-Napa,Botella,30,18.6,9457727,4701-Oakes-Rd -San-Jose--CA-12020--USA,NULL,318,Golden-Vineyards-Company,196CS,NULL,Cabernet-Sauvignon-96,D.O.-Napa-Blanco,Golden-Vineyards,Global,Juan-Rodriguez,318,NULL,10.66,NULL,Vinos,D.O.-Napa
Quesos,Francia,Textura-del-queso,Vaca-Semicurado,Francia,1.49,Vaca,Porcion-(250-g),90,4.98,56341390,15-Boulevard-Bonne-Nouvelle---76003-Paris--France,NULL,104,Compagnie-du-Fromage,029GC,NULL,Gruyere-de-Comte,Vaca-Semicurado,Le-Fromagru,Global,Jacques-Decruel,104,NULL,3.49,Tipo-de-leche,Quesos,Vaca
Vinos,Espana,NULL,D.O.-Rioja-Tinto,Espana,4.78,D.O.-Rioja,Botella,30,11.45,932129865,V.-Favencia-2-08024-Barcelona-Espana,NULL,306,Bodegas-San-Gervasio,158TR,NULL,Tinto-Reserva-95,D.O.-Rioja-Tinto,Senorio-de-San-Gervasio,Global,Xavier-Gonzalez,306,NULL,6.67,NULL,Vinos,D.O.-Rioja
Licores,Espana,NULL,Licores,Espana,4.03,Licores,Botella,30,9.0,939232323,C/-Concilio-de-Trento-111-08024-Barcelona--Espana,NULL,310,Cia.-De-Licores--S.A.,314JE,NULL,Jerez,Licores,Bodegas-La-Frontera,Global,Carles-Vilaseca,310,NULL,4.97,NULL,Licores,Licores
Vinos,Estados-Unidos,NULL,D.O.-Napa-Blanco,Estados-Unidos,11.58,D.O.-Napa,Botella,30,28.35,8876445,1301-NE-4th-Ave -Boca-Raton--FL-33030--USA,NULL,321,The-Company-of-West-Vineyards,216SG,NULL,Sangiovese-96,D.O.-Napa-Blanco,West-Vineyards,Global,Ricky-Castro,321,NULL,16.77,NULL,Vinos,D.O.-Napa
Vinos,Espana,NULL,D.O.-Somontano-Blanco,Espana,2.43,D.O.-Somontano,Botella,30,5.11,934507651,Granvia-de-Les-Corts-Catalanes-89-08024-Barcelona--Espana,NULL,307,Compania-Vinicola--S.A.,186CH,NULL,Chardonnay-97,D.O.-Somontano-Blanco,Bodegas-de-Aragon,Global,Mercedes-Salvatella,307,NULL,2.68,NULL,Vinos,D.O.-Somontano
Vinos,Espana,NULL,D.O.-Rioja-Tinto,Espana,5.0,D.O.-Rioja,Botella,60,12.02,969048832,Albacete--1--Valencia---Espana,NULL,301,Bodegas-Hermanos-Alvarez,141TC,NULL,Tinto-Crianza-97,D.O.-Rioja-Tinto,Conde-Duque-Alvarez,Global,Pilar-Espuna,301,NULL,7.02,NULL,Vinos,D.O.-Rioja
Vinos,Francia,NULL,D.O.-Alsace-Rosado,Francia,5.48,D.O.-Alsace,Botella,30,12.53,78992726,10-Avenue-de-Caroline---93021-Bordeaux--France,NULL,316,Cellier-Alsace,275GE,NULL,Gewurztraminer-97,D.O.-Alsace-Rosado,Allimat-Deiss,Global,Denis-Felix,316,NULL,7.05,NULL,Vinos,D.O.-Alsace
Vinos,Francia,NULL,D.O.-Beaujolais-Tinto,Francia,21.57,D.O.-Beaujolais,Botella-(1.5-l),90,49.95,98549053,90-Rue-du-Montparnasse---72001-Paris--France,NULL,312,Societe-Viticole,312CB,NULL,Cru-Beaujolais-98,D.O.-Beaujolais-Tinto,Saint-Honore,Global,Jean-Louis-Pagnon,312,NULL,28.38,NULL,Vinos,D.O.-Beaujolais
Vinos,Estados-Unidos,NULL,D.O.-Napa-Blanco,Estados-Unidos,7.47,D.O.-Napa,Botella,30,15.25,9457727,4701-Oakes-Rd -San-Jose--CA-12020--USA,NULL,318,Golden-Vineyards-Company,193CB,NULL,Chenin-Blanc-98,D.O.-Napa-Blanco,Golden-Vineyards,Global,Juan-Rodriguez,318,NULL,7.78,NULL,Vinos,D.O.-Napa
Vinos,Estados-Unidos,NULL,D.O.-Napa-Tinto,Estados-Unidos,20.06,D.O.-Napa,Botella,30,40.75,6707789,6242-E-Oakland-Park-Blvd -Sunrise--IL-93031-USA,NULL,322,West-Cellars-Company,228ME,NULL,Merlot-97,D.O.-Napa-Tinto,Golden-Valley,Global,Martin-Bates,322,NULL,20.69,NULL,Vinos,D.O.-Napa
Vinos,Espana,NULL,D.O.-Rioja-Tinto,Espana,4.12,D.O.-Rioja,Botella,90,8.36,912349856,Av.-Recinto-Ferial-Juan-Carlos-I--Madrid-28010--Espana,NULL,302,Cooperativa-del-Alto-Rioja,155TR,NULL,Tinto-Reserva-95,D.O.-Rioja-Tinto,Conde-de-Salvatierra,Global,Paloma-Martinez,302,NULL,4.24,NULL,Vinos,D.O.-Rioja
Quesos,Reino-Unido,Textura-del-queso,Vaca-Curado,Reino-Unido,1.51,Vaca,Porcion-(250-g),60,4.98,76589900,122-Brackenbury-Rd.-London-SW3,NULL,101,The-Farmhouse-Company,002CO,NULL,Cotswold,Vaca-Curado,Old-Hill,Global,Richard-Addams,101,NULL,3.47,Tipo-de-leche,Quesos,Vaca
Vinos,Espana,NULL,D.O.-Rioja-Tinto,Espana,7.5,D.O.-Rioja,Botella,60,15.74,969048832,Albacete--1--Valencia---Espana,NULL,301,Bodegas-Hermanos-Alvarez,135TR,NULL,Tinto-Reserva-94,D.O.-Rioja-Tinto,Conde-Duque-Alvarez,Global,Pilar-Espuna,301,NULL,8.24,NULL,Vinos,D.O.-Rioja
Postres,Espana,NULL,Pastas-de-almendra,Espana,2.06,Galletas,Caja,60,7.0,959047888,Goya--3-Bilbao---Espana,NULL,202,Cooperativa-de-Reposteria-Tradicional,118AM,NULL,Almendrados-de-las-Monjas-Clarisas,Pastas-de-almendra,La-Tradicion,Global,Begona-Iribarren,202,NULL,4.94,NULL,Postres,Galletas
Licores,Reino-Unido,NULL,Ginebra,Reino-Unido,8.67,Licores,Botella,90,17.35,7794527,456-Broadgate-Circle-(Liverpool-St.)--London-SW4,NULL,317,English-Long-Drink-Company,337GI,NULL,Layden-Gin,Ginebra,Longin,Global,Charles-Spencer,317,NULL,8.68,NULL,Licores,Licores
Vinos,Estados-Unidos,NULL,D.O.-Napa-Rosado,Estados-Unidos,17.13,D.O.-Napa,Botella,30,35.45,5558779,2732-SW-137th-Ave -Davie--OR-8302--USA,NULL,319,Napa-Old-Vine-Cellars,223ZI,NULL,Zinfandel-97,D.O.-Napa-Rosado,Old-House-Cellar,Global,Mary-Ann-Smith,319,NULL,18.32,NULL,Vinos,D.O.-Napa
Postres,Reino-Unido,NULL,Galletas-de-fruta,Reino-Unido,1.15,Galletas,Caja,60,3.5,56982392,2-Winchester-Road--London-SW3,NULL,204,The-Biscuits-Company,129JR,NULL,Jam-Rings,Galletas-de-fruta,Factory-Fruit,Global,Mary-Brown,204,NULL,2.35,NULL,Postres,Galletas
Quesos,Holanda,Textura-del-queso,Vaca-Semicurado,Holanda,1.27,Vaca,Porcion-(250-g),60,4.06,45562389,Leidsekade-97-1017-PN-Amsterdam--Holland,NULL,105,The-Holland-House,042GO,NULL,Gouda,Vaca-Semicurado,Wenhlegod,Global,Mark-Vanderlok,105,NULL,2.79,Tipo-de-leche,Quesos,Vaca
Quesos,Francia,Textura-del-queso,Vaca-Semicurado,Francia,1.8,Vaca,Porcion-(250-g),90,5.73,56341390,15-Boulevard-Bonne-Nouvelle---76003-Paris--France,NULL,104,Compagnie-du-Fromage,030MI,NULL,Mimolette,Vaca-Semicurado,Mimoferme,Global,Jacques-Decruel,104,NULL,3.93,Tipo-de-leche,Quesos,Vaca
Espumosos,Francia,NULL,D.O.-Champagne-Brut,Francia,11.15,D.O.-Champagne,Botella,90,25.0,88902682,3-Avenue-Georges---25003-Lyon--France,NULL,313,Chateau-d'Or,281BC,NULL,Brut-Premier-Cru,D.O.-Champagne-Brut,Chateau-d'Or,Global,Julie-Deschamps,313,NULL,13.85,NULL,Espumosos,D.O.-Champagne
Vinos,Espana,NULL,D.O.-Rioja-Tinto,Espana,3.38,D.O.-Rioja,Botella,90,8.9,912349856,Av.-Recinto-Ferial-Juan-Carlos-I--Madrid-28010--Espana,NULL,302,Cooperativa-del-Alto-Rioja,150TR,NULL,Tinto-Reserva-95,D.O.-Rioja-Tinto,Hermanos-Alvarez,Global,Paloma-Martinez,302,NULL,5.52,NULL,Vinos,D.O.-Rioja
Quesos,Francia,Textura-del-queso,Vaca-Pasta-blanda,Francia,1.69,Vaca,Porcion-(250-g),60,5.1,79034678,96-Rue-Vauvilliers ---75003-Paris--France,NULL,103,Compagnie-Laitier,025CO,NULL,Coulommiers,Vaca-Pasta-blanda,Les-Coulotances,Global,Florence-Deveroix,103,NULL,3.41,Tipo-de-leche,Quesos,Vaca
Espumosos,Espana,NULL,D.O.-Cava-Extra-Brut,Espana,5.89,D.O.-Cava,Botella,30,12.4,937665421,C/-Palencia-122-08024-Barcelona--Espana,NULL,308,Bodegas-Ferrer,334RF,NULL,Reserva-Familia,D.O.-Cava-Extra-Brut,Santa-Eulalia,Global,Montserrat-Vila,308,NULL,6.51,NULL,Espumosos,D.O.-Cava
Postres,Italia,NULL,Pastas-de-te,Italia,1.94,Galletas,Caja,90,5.95,3457632,Via-Fabio-Filzi-25-A-Milano--Italia,NULL,201,Casale-di-la-Mama,120CA,NULL,Cavallucci,Pastas-de-te,Casale-di-la-Mamma,Global,Fabrizio-Baciucconi,201,NULL,4.01,NULL,Postres,Galletas
Quesos,Espana,Textura-del-queso,Cabra-Anejo,Espana,1.6,Cabra,Porcion-(250-g),60,5.5,914555909,Principe-de-Vergara--22--Madrid-28010--Espana,NULL,108,La-Meseta--S.A.,082QC,NULL,Queso-de-cabra,Cabra-Anejo,Bellacabra-Anejo,Global,Pedro-Salvador,108,NULL,3.9,Tipo-de-leche,Quesos,Cabra
Vinos,Espana,NULL,D.O.-Somontano-Blanco,Espana,3.65,D.O.-Somontano,Botella,30,7.62,934507651,Granvia-de-Les-Corts-Catalanes-89-08024-Barcelona--Espana,NULL,307,Compania-Vinicola--S.A.,187CH,NULL,Chardonnay-98,D.O.-Somontano-Blanco,Bodegas-de-Aragon,Global,Mercedes-Salvatella,307,NULL,3.97,NULL,Vinos,D.O.-Somontano
Quesos,Italia,Textura-del-queso,Bufala-Fresco,Italia,1.95,Bufala,Porcion-(250-g),90,6.48,7893467,SS-503-Km.-23--Fraz.-Rossoio-20---50042-Italia,NULL,106,Cooperativa-Agricola-il-Poggiolo,057MB,NULL,Mozzarella-di-Bufala,Bufala-Fresco,Mozza,Global,Andrea-Cavaglieri,106,NULL,4.53,Tipo-de-leche,Quesos,Bufala
Vinos,Espana,NULL,D.O.-Ribera-del-Duero-Tinto,Espana,5.41,D.O.-Ribera-del-Duero,Botella,90,12.16,915629065,Serrano--456--Madrid-28011--Espana,NULL,304,Bebidas-Seleccion,247TC,NULL,Tinto-Crianza-96/97,D.O.-Ribera-del-Duero-Tinto,Viuda-de-Soldeoro,Global,Inigo-Elizalde,304,NULL,6.75,NULL,Vinos,D.O.-Ribera-del-Duero
Espumosos,Espana,NULL,D.O.-Cava-Extra-Brut,Espana,8.69,D.O.-Cava,Botella,30,18.0,937665421,C/-Palencia-122-08024-Barcelona--Espana,NULL,308,Bodegas-Ferrer,335GB,NULL,Gran-Brut,D.O.-Cava-Extra-Brut,Santa-Eulalia,Global,Montserrat-Vila,308,NULL,9.31,NULL,Espumosos,D.O.-Cava
Vinos,Espana,NULL,D.O.-Somontano-Tinto,Espana,4.63,D.O.-Somontano,Botella,30,11.05,934507651,Granvia-de-Les-Corts-Catalanes-89-08024-Barcelona--Espana,NULL,307,Compania-Vinicola--S.A.,184TR,NULL,Tinto-Reserva-95,D.O.-Somontano-Tinto,Bodegas-de-Aragon,Global,Mercedes-Salvatella,307,NULL,6.42,NULL,Vinos,D.O.-Somontano
Quesos,Francia,Textura-del-queso,Vaca-Pasta-blanda,Francia,2.86,Vaca,Porcion-(250-g),60,8.9,79034678,96-Rue-Vauvilliers ---75003-Paris--France,NULL,103,Compagnie-Laitier,023CH,NULL,Chaource,Vaca-Pasta-blanda,Chaoulait,Global,Florence-Deveroix,103,NULL,6.04,Tipo-de-leche,Quesos,Vaca
Espumosos,Francia,NULL,D.O.-Champagne-Brut,Francia,15.42,D.O.-Champagne,Botella,90,32.0,88902682,3-Avenue-Georges---25003-Lyon--France,NULL,313,Chateau-d'Or,285BB,NULL,Blanc-de-Blancs-Brut-Premier-Cru,D.O.-Champagne-Brut,Blanc-Chateau,Global,Julie-Deschamps,313,NULL,16.58,NULL,Espumosos,D.O.-Champagne
Quesos,Espana,Textura-del-queso,Oveja-Curado,Espana,1.78,Oveja,Porcion-(250-g),60,5.73,914555909,Principe-de-Vergara--22--Madrid-28010--Espana,NULL,108,La-Meseta--S.A.,080MA,NULL,Manchego,Oveja-Curado,La-Meseta-Curado,Global,Pedro-Salvador,108,NULL,3.95,Tipo-de-leche,Quesos,Oveja
Vinos,Espana,NULL,D.O.-Priorato-Tinto,Espana,10.32,D.O.-Priorato,Botella,90,22.0,915629065,Serrano--456--Madrid-28011--Espana,NULL,304,Bebidas-Seleccion,248TR,NULL,Tinto-Reserva-96,D.O.-Priorato-Tinto,El-Monasterio,Global,Inigo-Elizalde,304,NULL,11.68,NULL,Vinos,D.O.-Priorato
Vinos,Estados-Unidos,NULL,D.O.-Napa-Tinto,Estados-Unidos,10.88,D.O.-Napa,Botella,30,27.0,8876445,1301-NE-4th-Ave -Boca-Raton--FL-33030--USA,NULL,321,The-Company-of-West-Vineyards,209ME,NULL,Merlot-98,D.O.-Napa-Tinto,West-Vineyards,Global,Ricky-Castro,321,NULL,16.12,NULL,Vinos,D.O.-Napa
Quesos,Italia,Textura-del-queso,Oveja-Semicurado,Italia,2.4,Oveja,Porcion-(250-g),90,8.28,7893467,SS-503-Km.-23--Fraz.-Rossoio-20---50042-Italia,NULL,106,Cooperativa-Agricola-il-Poggiolo,053CA,NULL,Cacciota,Oveja-Semicurado,Messado,Global,Andrea-Cavaglieri,106,NULL,5.88,Tipo-de-leche,Quesos,Oveja
Vinos,Espana,NULL,D.O.-Rioja-Tinto,Espana,6.23,D.O.-Rioja,Botella,30,12.68,932129865,V.-Favencia-2-08024-Barcelona-Espana,NULL,306,Bodegas-San-Gervasio,167TR,NULL,Tinto-Reserva-94,D.O.-Rioja-Tinto,Senorio-de-San-Gervasio,Global,Xavier-Gonzalez,306,NULL,6.45,NULL,Vinos,D.O.-Rioja
Postres,Espana,NULL,Dulces-de-Navidad,Espana,1.11,Pasteleria,Caja,60,3.75,959047888,Goya--3-Bilbao---Espana,NULL,202,Cooperativa-de-Reposteria-Tradicional,109EM,NULL,Empinonadas,Dulces-de-Navidad,La-Tradicion,Global,Begona-Iribarren,202,NULL,2.64,NULL,Postres,Pasteleria
Vinos,Espana,NULL,D.O.-Rioja-Tinto,Espana,2.39,D.O.-Rioja,Botella,90,5.79,915629065,Serrano--456--Madrid-28011--Espana,NULL,304,Bebidas-Seleccion,170TC,NULL,Tinto-Crianza-96,D.O.-Rioja-Tinto,Vina-Selecta,Global,Inigo-Elizalde,304,NULL,3.4,NULL,Vinos,D.O.-Rioja
Quesos,Holanda,Textura-del-queso,Vaca-Curado,Holanda,2.2,Vaca,Porcion-(250-g),60,7.48,45562389,Leidsekade-97-1017-PN-Amsterdam--Holland,NULL,105,The-Holland-House,046OA,NULL,Old-Amsterdam,Vaca-Curado,Old-Ferme,Global,Mark-Vanderlok,105,NULL,5.28,Tipo-de-leche,Quesos,Vaca
Quesos,Belgica,Textura-del-queso,Vaca-Semicurado,Belgica,2.52,Vaca,Porcion-(250-g),60,7.81,90090011,34-Rue-de-Raspail---Brussels--Belgium,NULL,102,Cooperative-de-Produits-Laitiers,013CT,NULL,Chimay-Trappiste-with-Beer,Vaca-Semicurado,Trachilait,Global,Jean-Francois-Duval,102,NULL,5.29,Tipo-de-leche,Quesos,Vaca
Quesos,Holanda,Textura-del-queso,Vaca-Curado,Holanda,0.78,Vaca,Porcion-(250-g),60,2.5,45562389,Leidsekade-97-1017-PN-Amsterdam--Holland,NULL,105,The-Holland-House,044LE,NULL,Leyden,Vaca-Curado,Leydaar,Global,Mark-Vanderlok,105,NULL,1.72,Tipo-de-leche,Quesos,Vaca
Quesos,Suecia,Textura-del-queso,Vaca-Tierno,Suecia,1.21,Vaca,Porcion-(250-g),90,3.73,23490900,MariaGrand-357-Slussen-Stockholm-Sweden,NULL,110,Olofberg-Cheese-Association,071VA,NULL,Vadenost,Vaca-Tierno,Gjesvald,Global,Jean-Anderlind,110,NULL,2.52,Tipo-de-leche,Quesos,Vaca
Quesos,Francia,Textura-del-queso,Vaca-Semicurado,Francia,2.99,Vaca,Porcion-(250-g),60,9.35,79034678,96-Rue-Vauvilliers ---75003-Paris--France,NULL,103,Compagnie-Laitier,018AB,NULL,Abondance,Vaca-Semicurado,Seblochan,Global,Florence-Deveroix,103,NULL,6.36,Tipo-de-leche,Quesos,Vaca
Vinos,Estados-Unidos,NULL,D.O.-Napa-Blanco,Estados-Unidos,16.76,D.O.-Napa,Botella,30,43.5,6707789,6242-E-Oakland-Park-Blvd -Sunrise--IL-93031-USA,NULL,322,West-Cellars-Company,230CS,NULL,Cabernet-Sauvignon-97,D.O.-Napa-Blanco,Golden-Valley,Global,Martin-Bates,322,NULL,26.74,NULL,Vinos,D.O.-Napa
Vinos,Estados-Unidos,NULL,D.O.-Napa-Blanco,Estados-Unidos,14.46,D.O.-Napa,Botella,30,37.85,6707789,6242-E-Oakland-Park-Blvd -Sunrise--IL-93031-USA,NULL,322,West-Cellars-Company,225CS,NULL,Cabernet-Suavignon-97,D.O.-Napa-Blanco,Golden-Valley,Global,Martin-Bates,322,NULL,23.39,NULL,Vinos,D.O.-Napa
Vinos,Estados-Unidos,NULL,D.O.-Napa-Tinto,Estados-Unidos,15.62,D.O.-Napa,Botella,30,36.5,5558779,2732-SW-137th-Ave -Davie--OR-8302--USA,NULL,319,Napa-Old-Vine-Cellars,224ME,NULL,Merlot-96,D.O.-Napa-Tinto,Old-House-Cellar,Global,Mary-Ann-Smith,319,NULL,20.88,NULL,Vinos,D.O.-Napa
Quesos,Belgica,Textura-del-queso,Vaca-Curado,Belgica,2.56,Vaca,Porcion-(250-g),60,7.81,90090011,34-Rue-de-Raspail---Brussels--Belgium,NULL,102,Cooperative-de-Produits-Laitiers,016PO,NULL,Postel,Vaca-Curado,Vachestel,Global,Jean-Francois-Duval,102,NULL,5.25,Tipo-de-leche,Quesos,Vaca
Quesos,Belgica,Textura-del-queso,Cabra-Tierno,Belgica,2.36,Cabra,Porcion-(250-g),60,7.81,90090011,34-Rue-de-Raspail---Brussels--Belgium,NULL,102,Cooperative-de-Produits-Laitiers,011CH,NULL,Chevagne,Cabra-Tierno,Frocheg,Global,Jean-Francois-Duval,102,NULL,5.45,Tipo-de-leche,Quesos,Cabra
Quesos,Australia,Textura-del-queso,Vaca-Pasta-veteada,Australia,2.06,Vaca,Porcion-(250-g),90,6.23,4561100,15-Grand-Bridge-Queen-Elizabeth-NSW-Australia,NULL,115,Australian-Cow-Company,102RB,NULL,Roaring-Forties-Blue,Vaca-Pasta-veteada,Oricheese,Global,Ingrid-White,115,NULL,4.17,Tipo-de-leche,Quesos,Vaca
Vinos,Espana,NULL,D.O.-Rioja-Tinto,Espana,18.89,D.O.-Rioja,Botella,90,38.73,915629065,Serrano--456--Madrid-28011--Espana,NULL,304,Bebidas-Seleccion,173TG,NULL,Tinto-Gran-Reserva-82,D.O.-Rioja-Tinto,Don-Mendival,Global,Inigo-Elizalde,304,NULL,19.84,NULL,Vinos,D.O.-Rioja
Postres,Italia,NULL,Pastas-de-almendra,Italia,2.4,Galletas,Caja,90,7.95,3457632,Via-Fabio-Filzi-25-A-Milano--Italia,NULL,201,Casale-di-la-Mama,106BB,NULL,Brutti-e-Buoni,Pastas-de-almendra,Casale-di-la-Mamma,Global,Fabrizio-Baciucconi,201,NULL,5.55,NULL,Postres,Galletas
Postres,Italia,NULL,Bizcochos,Italia,2.2,Pasteleria,Unidad,90,6.95,3457632,Via-Fabio-Filzi-25-A-Milano--Italia,NULL,201,Casale-di-la-Mama,105WP,NULL,White-Panforte,Bizcochos,Il-Panetonne-(White),Global,Fabrizio-Baciucconi,201,NULL,4.75,NULL,Postres,Pasteleria
Quesos,Italia,Textura-del-queso,Oveja-Curado,Italia,3.01,Oveja,Porcion-(250-g),90,9.65,7893467,SS-503-Km.-23--Fraz.-Rossoio-20---50042-Italia,NULL,106,Cooperativa-Agricola-il-Poggiolo,051PE,NULL,Pecorino,Oveja-Curado,Brilatte,Global,Andrea-Cavaglieri,106,NULL,6.64,Tipo-de-leche,Quesos,Oveja
Vinos,Estados-Unidos,NULL,D.O.-Napa-Blanco,Estados-Unidos,6.3,D.O.-Napa,Botella,30,16.25,9457727,4701-Oakes-Rd -San-Jose--CA-12020--USA,NULL,318,Golden-Vineyards-Company,194SB,NULL,Sauvignon-Blanc-98,D.O.-Napa-Blanco,Golden-Vineyards,Global,Juan-Rodriguez,318,NULL,9.95,NULL,Vinos,D.O.-Napa
Espumosos,Francia,NULL,D.O.-Champagne-Brut,Francia,13.43,D.O.-Champagne,Botella,90,28.0,88902682,3-Avenue-Georges---25003-Lyon--France,NULL,313,Chateau-d'Or,28OBC,NULL,Blanc-de-Blancs-Grand-Cru,D.O.-Champagne-Brut,Blanc-Chateau,Global,Julie-Deschamps,313,NULL,14.57,NULL,Espumosos,D.O.-Champagne
Quesos,Estados-Unidos,Textura-del-queso,Vaca-Semicurado,Estados-Unidos,2.3,Vaca,Porcion-(250-g),90,7.48,4569000,122Griffin-Rd -Fort-Lauderdale--FL-33041--USA,NULL,112,Old-Farm-Inc.,092KV,NULL,Knight's-Vail,Vaca-Semicurado,The-Old-Farm-Cow,Global,James-Sand,112,NULL,5.18,Tipo-de-leche,Quesos,Vaca
Espumosos,Francia,NULL,D.O.-Champagne-Brut,Francia,53.13,D.O.-Champagne,Botella,90,119.95,88902682,3-Avenue-Georges---25003-Lyon--France,NULL,313,Chateau-d'Or,291BC,NULL,Grand-Cordon-Brut,D.O.-Champagne-Brut,Chateau-d'Or,Global,Julie-Deschamps,313,NULL,66.82,NULL,Espumosos,D.O.-Champagne
Quesos,Suecia,Textura-del-queso,Vaca-Tierno,Suecia,1.23,Vaca,Porcion-(250-g),90,4.06,23490900,MariaGrand-357-Slussen-Stockholm-Sweden,NULL,110,Olofberg-Cheese-Association,069GR,NULL,Graddost,Vaca-Tierno,Artic-circle,Global,Jean-Anderlind,110,NULL,2.83,Tipo-de-leche,Quesos,Vaca
Vinos,Estados-Unidos,NULL,D.O.-Napa-Blanco,Estados-Unidos,11.41,D.O.-Napa,Botella,30,29.95,8876445,1301-NE-4th-Ave -Boca-Raton--FL-33030--USA,NULL,321,The-Company-of-West-Vineyards,215ME,NULL,Reserve-Chardonnay-97,D.O.-Napa-Blanco,West-Vineyards,Global,Ricky-Castro,321,NULL,18.54,NULL,Vinos,D.O.-Napa
Vinos,Espana,NULL,D.O.-Somontano-Blanco,Espana,4.48,D.O.-Somontano,Botella,30,11.12,934507651,Granvia-de-Les-Corts-Catalanes-89-08024-Barcelona--Espana,NULL,307,Compania-Vinicola--S.A.,183CS,NULL,Cabernet-Sauvignon-96,D.O.-Somontano-Blanco,Bodegas-de-Aragon,Global,Mercedes-Salvatella,307,NULL,6.64,NULL,Vinos,D.O.-Somontano
Quesos,Irlanda,Textura-del-queso,Vaca-Pasta-veteada,Irlanda,2.61,Vaca,Porcion-(250-g),60,8.93,5678923,23-Commerce-Street--Dublin--Ireland,NULL,113,The-Irish-Cheese-Company,099IB,NULL,Irish-Blue,Vaca-Pasta-veteada,Blue-Farmer,Global,Patrick-McCain,113,NULL,6.32,Tipo-de-leche,Quesos,Vaca
Licores,Reino-Unido,NULL,Whisky,Reino-Unido,10.01,Licores,Botella,90,23.5,7794527,456-Broadgate-Circle-(Liverpool-St.)--London-SW4,NULL,317,English-Long-Drink-Company,318SW,NULL,Scotch-Whiskey-10-anos,Whisky,Glendale,Global,Charles-Spencer,317,NULL,13.49,NULL,Licores,Licores
Vinos,Espana,NULL,D.O.-Rioja-Tinto,Espana,5.93,D.O.-Rioja,Botella,60,12.65,969048832,Albacete--1--Valencia---Espana,NULL,301,Bodegas-Hermanos-Alvarez,134TR,NULL,Tinto-Reserva-93,D.O.-Rioja-Tinto,Conde-Duque-Alvarez,Global,Pilar-Espuna,301,NULL,6.72,NULL,Vinos,D.O.-Rioja
Vinos,Estados-Unidos,NULL,D.O.-Napa-Blanco,Estados-Unidos,14.55,D.O.-Napa,Botella,30,33.2,5558779,2732-SW-137th-Ave -Davie--OR-8302--USA,NULL,319,Napa-Old-Vine-Cellars,221CH,NULL,Chardonnay-98,D.O.-Napa-Blanco,Old-House-Cellar,Global,Mary-Ann-Smith,319,NULL,18.65,NULL,Vinos,D.O.-Napa
Quesos,Italia,Textura-del-queso,Vaca-Semicurado,Italia,1.49,Vaca,Porcion-(250-g),90,4.98,7893467,SS-503-Km.-23--Fraz.-Rossoio-20---50042-Italia,NULL,106,Cooperativa-Agricola-il-Poggiolo,063PR,NULL,Provolone,Vaca-Semicurado,Rovolati,Global,Andrea-Cavaglieri,106,NULL,3.49,Tipo-de-leche,Quesos,Vaca
Postres,Espana,NULL,Bolleria,Espana,2.15,Pasteleria,Caja,60,7.0,959047888,Goya--3-Bilbao---Espana,NULL,202,Cooperativa-de-Reposteria-Tradicional,119AM,NULL,Amarguillos-de-las-Monjas-Clarisas,Bolleria,La-Tradicion,Global,Begona-Iribarren,202,NULL,4.85,NULL,Postres,Pasteleria
Vinos,Estados-Unidos,NULL,D.O.-Napa-Blanco,Estados-Unidos,10.01,D.O.-Napa,Botella,90,23.1,5559806,222-NE-67th-St -New-York-City--NY-11203--USA,NULL,320,Robert-F.-Cellars,204CH,NULL,Chardonnay-97,D.O.-Napa-Blanco,Robert-F.-Cellars,Global,Paul-Stevenson,320,NULL,13.09,NULL,Vinos,D.O.-Napa
Vinos,Estados-Unidos,NULL,D.O.-Napa-Blanco,Estados-Unidos,13.22,D.O.-Napa,Botella,30,31.5,8876445,1301-NE-4th-Ave -Boca-Raton--FL-33030--USA,NULL,321,The-Company-of-West-Vineyards,219SY,NULL,Syrah-96,D.O.-Napa-Blanco,West-Vineyards,Global,Ricky-Castro,321,NULL,18.28,NULL,Vinos,D.O.-Napa
Vinos,Francia,NULL,D.O.-Beaujolais-Blanco,Francia,3.53,D.O.-Beaujolais,Botella,90,7.95,98549053,90-Rue-du-Montparnasse---72001-Paris--France,NULL,312,Societe-Viticole,310CB,NULL,Cru-Beaujolais-99,D.O.-Beaujolais-Blanco,Saint-Honore,Global,Jean-Louis-Pagnon,312,NULL,4.42,NULL,Vinos,D.O.-Beaujolais
Quesos,Espana,Textura-del-queso,Cabra-Semicurado,Espana,2.94,Cabra,Porcion-(250-g),60,9.35,915566778,Biarritz--45--Madrid-28010--Espana,NULL,107,Cooperativa-del-Queso-del-Norte,073GA,NULL,Garrotxa,Cabra-Semicurado,Casa-Manel,Global,Maria-Gutierrez,107,NULL,6.41,Tipo-de-leche,Quesos,Cabra
Espumosos,Francia,NULL,D.O.-Champagne-Brut,Francia,14.24,D.O.-Champagne,Botella,90,29.95,88902682,3-Avenue-Georges---25003-Lyon--France,NULL,313,Chateau-d'Or,283BC,NULL,Brut-Chardonnay-Blanc-de-Blancs,D.O.-Champagne-Brut,Chateau-d'Or,Global,Julie-Deschamps,313,NULL,15.71,NULL,Espumosos,D.O.-Champagne
Vinos,Espana,NULL,D.O.-Rioja-Tinto,Espana,7.16,D.O.-Rioja,Botella,90,15.02,912349856,Av.-Recinto-Ferial-Juan-Carlos-I--Madrid-28010--Espana,NULL,302,Cooperativa-del-Alto-Rioja,145TG,NULL,Tinto-Gran-Reserva-91,D.O.-Rioja-Tinto,Marques-de-Albinana,Global,Paloma-Martinez,302,NULL,7.86,NULL,Vinos,D.O.-Rioja
Vinos,Espana,NULL,D.O.-Rioja-Tinto,Espana,11.34,D.O.-Rioja,Botella,60,22.9,969048832,Albacete--1--Valencia---Espana,NULL,301,Bodegas-Hermanos-Alvarez,136TR,NULL,Tinto-Reserva-95,D.O.-Rioja-Tinto,Conde-Duque-Alvarez,Global,Pilar-Espuna,301,NULL,11.56,NULL,Vinos,D.O.-Rioja
Vinos,Espana,NULL,D.O.-Rioja-Tinto,Espana,2.81,D.O.-Rioja,Botella,60,7.01,969048832,Albacete--1--Valencia---Espana,NULL,301,Bodegas-Hermanos-Alvarez,139TC,NULL,Tinto-Crianza-95,D.O.-Rioja-Tinto,Conde-Duque-Alvarez,Global,Pilar-Espuna,301,NULL,4.2,NULL,Vinos,D.O.-Rioja
Quesos,Italia,Textura-del-queso,Vaca-Semicurado,Italia,1.56,Vaca,Porcion-(250-g),90,4.69,7893467,SS-503-Km.-23--Fraz.-Rossoio-20---50042-Italia,NULL,106,Cooperativa-Agricola-il-Poggiolo,056MV,NULL,Monte-Veronese,Vaca-Semicurado,Il-Montrato,Global,Andrea-Cavaglieri,106,NULL,3.13,Tipo-de-leche,Quesos,Vaca
Vinos,Estados-Unidos,NULL,D.O.-Napa-Tinto,Estados-Unidos,9.4,D.O.-Napa,Botella,30,24.0,8876445,1301-NE-4th-Ave -Boca-Raton--FL-33030--USA,NULL,321,The-Company-of-West-Vineyards,207PN,NULL,Pinot-Noir-97,D.O.-Napa-Tinto,West-Vineyards,Global,Ricky-Castro,321,NULL,14.6,NULL,Vinos,D.O.-Napa
Vinos,Estados-Unidos,NULL,D.O.-Napa-Tinto,Estados-Unidos,16.52,D.O.-Napa,Botella,30,33.65,5558779,2732-SW-137th-Ave -Davie--OR-8302--USA,NULL,319,Napa-Old-Vine-Cellars,220PN,NULL,Pinot-Noir-98,D.O.-Napa-Tinto,Old-House-Cellar,Global,Mary-Ann-Smith,319,NULL,17.13,NULL,Vinos,D.O.-Napa
Vinos,Espana,NULL,D.O.-Rioja-Tinto,Espana,4.9,D.O.-Rioja,Botella,90,10.0,912349856,Av.-Recinto-Ferial-Juan-Carlos-I--Madrid-28010--Espana,NULL,302,Cooperativa-del-Alto-Rioja,159TR,NULL,Tinto-Reserva-95,D.O.-Rioja-Tinto,Valle-de-la-Ribera,Global,Paloma-Martinez,302,NULL,5.1,NULL,Vinos,D.O.-Rioja
Quesos,Reino-Unido,Textura-del-queso,Vaca-Semicurado,Reino-Unido,1.92,Vaca,Porcion-(250-g),60,6.23,76589900,122-Brackenbury-Rd.-London-SW3,NULL,101,The-Farmhouse-Company,009SD,NULL,Sage-Derby,Vaca-Semicurado,Derby-House,Global,Richard-Addams,101,NULL,4.31,Tipo-de-leche,Quesos,Vaca
Postres,Espana,NULL,Pastas-de-almendra,Espana,1.72,Galletas,Caja,60,5.4,959047888,Goya--3-Bilbao---Espana,NULL,202,Cooperativa-de-Reposteria-Tradicional,108CA,NULL,Carquinolis,Pastas-de-almendra,Antiga-Masia,Global,Begona-Iribarren,202,NULL,3.68,NULL,Postres,Galletas
Quesos,Holanda,Textura-del-queso,Cabra-Tierno,Holanda,2.04,Cabra,Porcion-(250-g),60,6.23,45562389,Leidsekade-97-1017-PN-Amsterdam--Holland,NULL,105,The-Holland-House,043GG,NULL,Goat-Gouda,Cabra-Tierno,Wenhlegod-Goat,Global,Mark-Vanderlok,105,NULL,4.19,Tipo-de-leche,Quesos,Cabra
Quesos,Italia,Textura-del-queso,Vaca-Curado,Italia,1.66,Vaca,Porcion-(250-g),90,5.59,7893467,SS-503-Km.-23--Fraz.-Rossoio-20---50042-Italia,NULL,106,Cooperativa-Agricola-il-Poggiolo,055GP,NULL,Grana-Padano,Vaca-Curado,Persaletti,Global,Andrea-Cavaglieri,106,NULL,3.93,Tipo-de-leche,Quesos,Vaca
Vinos,Francia,NULL,D.O.-Beaujolais-Rosado,Francia,6.59,D.O.-Beaujolais,Botella,90,15.0,98549053,90-Rue-du-Montparnasse---72001-Paris--France,NULL,312,Societe-Viticole,311CB,NULL,Cru-Beaujolais-98,D.O.-Beaujolais-Rosado,Saint-Honore,Global,Jean-Louis-Pagnon,312,NULL,8.41,NULL,Vinos,D.O.-Beaujolais
Licores,Estados-Unidos,NULL,Whisky,Estados-Unidos,5.65,Licores,Botella,90,12.6,5559806,222-NE-67th-St -New-York-City--NY-11203--USA,NULL,320,Robert-F.-Cellars,323KB,NULL,Kentucky-Bourbon,Whisky,James-Smith,Global,Paul-Stevenson,320,NULL,6.95,NULL,Licores,Licores
Vinos,Francia,NULL,D.O.-Bordeaux-Blanco,Francia,8.47,D.O.-Bordeaux,Botella,30,18.0,29945732,55-Rue-de-la-Pompe---95003-Bordeaux--France,NULL,315,Domaine-Bourdeaux,260CM,NULL,Cabernet-Merlot-97,D.O.-Bordeaux-Blanco,Chateau-Haut-Loupiac,Global,Michel-Lemaire,315,NULL,9.53,NULL,Vinos,D.O.-Bordeaux
Quesos,Francia,Textura-del-queso,Cabra-Tierno,Francia,2.32,Cabra,Porcion-(250-g),60,7.28,79034678,96-Rue-Vauvilliers ---75003-Paris--France,NULL,103,Compagnie-Laitier,024CH,NULL,Chevre,Cabra-Tierno,Terdeloup,Global,Florence-Deveroix,103,NULL,4.96,Tipo-de-leche,Quesos,Cabra
Quesos,Reino-Unido,Textura-del-queso,Vaca-Pasta-veteada,Reino-Unido,2.05,Vaca,Porcion-(250-g),60,7.13,76589900,122-Brackenbury-Rd.-London-SW3,NULL,101,The-Farmhouse-Company,006MB,NULL,Mature-Blue-Stilton,Vaca-Pasta-veteada,Blue-Cow,Global,Richard-Addams,101,NULL,5.08,Tipo-de-leche,Quesos,Vaca
Vinos,Francia,NULL,D.O.-Alsace-Tinto,Francia,5.27,D.O.-Alsace,Botella,30,11.48,78992726,10-Avenue-de-Caroline---93021-Bordeaux--France,NULL,316,Cellier-Alsace,276TP,NULL,Tokay-Pinot-Gris-98,D.O.-Alsace-Tinto,Allimat-Deiss,Global,Denis-Felix,316,NULL,6.21,NULL,Vinos,D.O.-Alsace
Licores,Espana,NULL,Licores,Espana,2.94,Licores,Botella,30,7.5,939232323,C/-Concilio-de-Trento-111-08024-Barcelona--Espana,NULL,310,Cia.-De-Licores--S.A.,313PA,NULL,Pacharan,Licores,El-Norte,Global,Carles-Vilaseca,310,NULL,4.56,NULL,Licores,Licores
Vinos,Espana,NULL,D.O.-Rioja-Tinto,Espana,4.41,D.O.-Rioja,Botella,90,9.04,912349856,Av.-Recinto-Ferial-Juan-Carlos-I--Madrid-28010--Espana,NULL,302,Cooperativa-del-Alto-Rioja,164TR,NULL,Tinto-Reserva-94,D.O.-Rioja-Tinto,Ribera-de-Afluente,Global,Paloma-Martinez,302,NULL,4.63,NULL,Vinos,D.O.-Rioja
Vinos,Chile,NULL,Mendoza-Blanco,Chile,4.96,Mendoza,Botella,15,9.95,6657888,Salud--21-Santiago-45901-Chile,NULL,329,Compania-del-Valle-Montemar,309CS,NULL,Cabernet-Sauvignon-99,Mendoza-Blanco,Casa-Julia-Montemar,Global,Gregorio-Sullivan,329,NULL,4.99,NULL,Vinos,Mendoza
Vinos,Francia,NULL,D.O.-Alsace-Tinto,Francia,3.18,D.O.-Alsace,Botella,30,6.61,78992726,10-Avenue-de-Caroline---93021-Bordeaux--France,NULL,316,Cellier-Alsace,278SY,NULL,Sylvaner-96,D.O.-Alsace-Tinto,Spielmann-Vignoble,Global,Denis-Felix,316,NULL,3.43,NULL,Vinos,D.O.-Alsace
Licores,Espana,NULL,Licores,Espana,2.74,Licores,Botella,30,6.5,939232323,C/-Concilio-de-Trento-111-08024-Barcelona--Espana,NULL,310,Cia.-De-Licores--S.A.,315FI,NULL,Fino,Licores,Hermanos-Montilla,Global,Carles-Vilaseca,310,NULL,3.76,NULL,Licores,Licores
Quesos,Italia,Textura-del-queso,Oveja-Curado,Italia,1.8,Oveja,Porcion-(250-g),90,5.59,7893467,SS-503-Km.-23--Fraz.-Rossoio-20---50042-Italia,NULL,106,Cooperativa-Agricola-il-Poggiolo,061PR,NULL,Pecorino-Romano,Oveja-Curado,Rocottino,Global,Andrea-Cavaglieri,106,NULL,3.79,Tipo-de-leche,Quesos,Oveja
Quesos,Estados-Unidos,Textura-del-queso,Oveja-Semicurado,Estados-Unidos,1.86,Oveja,Porcion-(250-g),90,6.23,4569000,122Griffin-Rd -Fort-Lauderdale--FL-33041--USA,NULL,112,Old-Farm-Inc.,094VS,NULL,Vermont-Shepherd,Oveja-Semicurado,The-Old-Farm-Sheep,Global,James-Sand,112,NULL,4.37,Tipo-de-leche,Quesos,Oveja
Postres,Reino-Unido,NULL,Galletas-de-chocolate,Reino-Unido,1.25,Galletas,Caja,60,3.99,56982392,2-Winchester-Road--London-SW3,NULL,204,The-Biscuits-Company,123CB,NULL,Chocolate-Bars,Galletas-de-chocolate,Factory-Chocolate,Global,Mary-Brown,204,NULL,2.74,NULL,Postres,Galletas
Quesos,Italia,Textura-del-queso,Vaca-Curado,Italia,1.49,Vaca,Porcion-(250-g),90,4.98,7893467,SS-503-Km.-23--Fraz.-Rossoio-20---50042-Italia,NULL,106,Cooperativa-Agricola-il-Poggiolo,048AS,NULL,Asiago,Vaca-Curado,Picoletto,Global,Andrea-Cavaglieri,106,NULL,3.49,Tipo-de-leche,Quesos,Vaca
Espumosos,Espana,NULL,D.O.-Cava-Seco,Espana,8.34,D.O.-Cava,Botella,30,17.05,937665421,C/-Palencia-122-08024-Barcelona--Espana,NULL,308,Bodegas-Ferrer,332CR,NULL,Cuvee-Reserva,D.O.-Cava-Seco,Salteriu,Global,Montserrat-Vila,308,NULL,8.71,NULL,Espumosos,D.O.-Cava
Vinos,Espana,NULL,D.O.-Somontano-Tinto,Espana,4.41,D.O.-Somontano,Botella,30,11.12,934507651,Granvia-de-Les-Corts-Catalanes-89-08024-Barcelona--Espana,NULL,307,Compania-Vinicola--S.A.,181TR,NULL,Tinto-Reserva-94,D.O.-Somontano-Tinto,Bodegas-de-Aragon,Global,Mercedes-Salvatella,307,NULL,6.71,NULL,Vinos,D.O.-Somontano
Vinos,Espana,NULL,D.O.-Rioja-Tinto,Espana,6.35,D.O.-Rioja,Botella,30,14.24,932129865,V.-Favencia-2-08024-Barcelona-Espana,NULL,306,Bodegas-San-Gervasio,168TR,NULL,Tinto-Reserva-96,D.O.-Rioja-Tinto,Senorio-de-San-Gervasio,Global,Xavier-Gonzalez,306,NULL,7.89,NULL,Vinos,D.O.-Rioja
Vinos,Espana,NULL,D.O.-Rioja-Tinto,Espana,8.39,D.O.-Rioja,Botella,90,17.28,912349643,Pza.-de-Las-Cortes--7--Madrid-28011--Espana,NULL,303,Bodegas-Herederos-de-Don-Emilio,157TR,NULL,Tinto-Reserva-95,D.O.-Rioja-Tinto,Rodriguez-del-Duero,Global,Jaime-Serra,303,NULL,8.89,NULL,Vinos,D.O.-Rioja
Quesos,Dinamarca,Textura-del-queso,Vaca-Tierno,Dinamarca,1.13,Vaca,Porcion-(250-g),60,3.43,34347899,Vesterbro-21--1900-Aalborg-Denmark,NULL,109,Laerdale-Company,067CH,NULL,Cream-Havarti,Vaca-Tierno,Laerdale,Regional,John-Hughes,109,NULL,2.3,Tipo-de-leche,Quesos,Vaca
Quesos,Francia,Textura-del-queso,Vaca-Curado,Francia,2.15,Vaca,Porcion-(250-g),90,7.48,56341390,15-Boulevard-Bonne-Nouvelle---76003-Paris--France,NULL,104,Compagnie-du-Fromage,038SO,NULL,Somport,Vaca-Curado,Somvache,Global,Jacques-Decruel,104,NULL,5.33,Tipo-de-leche,Quesos,Vaca
Postres,Espana,NULL,Bolleria,Espana,1.52,Pasteleria,Caja,60,5.0,959047888,Goya--3-Bilbao---Espana,NULL,202,Cooperativa-de-Reposteria-Tradicional,115SP,NULL,Sobaos-Pasiegos,Bolleria,La-Estepa,Global,Begona-Iribarren,202,NULL,3.48,NULL,Postres,Pasteleria
Quesos,Francia,Textura-del-queso,Vaca-Pasta-blanda,Francia,2.51,Vaca,Porcion-(250-g),90,8.73,56341390,15-Boulevard-Bonne-Nouvelle---76003-Paris--France,NULL,104,Compagnie-du-Fromage,035RE,NULL,Reblochon,Vaca-Pasta-blanda,Rochance,Global,Jacques-Decruel,104,NULL,6.22,Tipo-de-leche,Quesos,Vaca
Vinos,Estados-Unidos,NULL,D.O.-Napa-Tinto,Estados-Unidos,4.32,D.O.-Napa,Botella,30,11.25,9457727,4701-Oakes-Rd -San-Jose--CA-12020--USA,NULL,318,Golden-Vineyards-Company,189ME,NULL,Merlot-97,D.O.-Napa-Tinto,Golden-Vineyards,Global,Juan-Rodriguez,318,NULL,6.93,NULL,Vinos,D.O.-Napa
Licores,Estados-Unidos,NULL,Whisky,Estados-Unidos,5.21,Licores,Botella,90,13.4,5559806,222-NE-67th-St -New-York-City--NY-11203--USA,NULL,320,Robert-F.-Cellars,324TW,NULL,Tennesse-Whiskey,Whisky,Long-River,Global,Paul-Stevenson,320,NULL,8.19,NULL,Licores,Licores
Vinos,Australia,NULL,D.O.-Coonawarra-Rosado,Australia,13.91,D.O.-Coonawarra,Botella,30,33.0,5568990,12-American-Dr--St-Pauls-NSW-2111-Australia,NULL,327,Francis-Jr.-Cellars,302SC,NULL,Shiraz-Cabernet-96,D.O.-Coonawarra-Rosado,Francis-Jr.Cellars,Global,Greg-Foster,327,NULL,19.09,NULL,Vinos,D.O.-Coonawarra
Vinos,Espana,NULL,D.O.-Rioja-Tinto,Espana,4.0,D.O.-Rioja,Botella,90,9.3,912349856,Av.-Recinto-Ferial-Juan-Carlos-I--Madrid-28010--Espana,NULL,302,Cooperativa-del-Alto-Rioja,169TR,NULL,Tinto-Reserva-95,D.O.-Rioja-Tinto,Conde-de-Salvatierra,Global,Paloma-Martinez,302,NULL,5.3,NULL,Vinos,D.O.-Rioja
Quesos,Francia,Textura-del-queso,Vaca-Pasta-blanda,Francia,1.78,Vaca,Porcion-(250-g),60,5.56,79034678,96-Rue-Vauvilliers ---75003-Paris--France,NULL,103,Compagnie-Laitier,022CA,NULL,Camembert,Vaca-Pasta-blanda,Le-Caprice,Global,Florence-Deveroix,103,NULL,3.78,Tipo-de-leche,Quesos,Vaca
Vinos,Francia,NULL,D.O.-Bordeaux-Blanco,Francia,7.95,D.O.-Bordeaux,Botella,30,18.0,29945732,55-Rue-de-la-Pompe---95003-Bordeaux--France,NULL,315,Domaine-Bourdeaux,261PV,NULL,Petit-Verdot-97,D.O.-Bordeaux-Blanco,Chateau-Haut-Loupiac,Global,Michel-Lemaire,315,NULL,10.05,NULL,Vinos,D.O.-Bordeaux
Vinos,Estados-Unidos,NULL,D.O.-Napa-Tinto,Estados-Unidos,6.82,D.O.-Napa,Botella,30,14.35,9457727,4701-Oakes-Rd -San-Jose--CA-12020--USA,NULL,318,Golden-Vineyards-Company,192ME,NULL,Merlot-97,D.O.-Napa-Tinto,Golden-Vineyards,Global,Juan-Rodriguez,318,NULL,7.53,NULL,Vinos,D.O.-Napa
Vinos,Espana,NULL,D.O.-Rioja-Tinto,Espana,8.69,D.O.-Rioja,Botella,90,19.38,912349643,Pza.-de-Las-Cortes--7--Madrid-28011--Espana,NULL,303,Bodegas-Herederos-de-Don-Emilio,161TR,NULL,Tinto-Reserva-95,D.O.-Rioja-Tinto,Hermanos-de-la-Fuente,Global,Jaime-Serra,303,NULL,10.69,NULL,Vinos,D.O.-Rioja
Vinos,Espana,NULL,D.O.-Somontano-Blanco,Espana,4.59,D.O.-Somontano,Botella,30,10.51,934507651,Granvia-de-Les-Corts-Catalanes-89-08024-Barcelona--Espana,NULL,307,Compania-Vinicola--S.A.,188CB,NULL,Chardonnay-en-barrica-97,D.O.-Somontano-Blanco,Bodegas-de-Aragon,Global,Mercedes-Salvatella,307,NULL,5.92,NULL,Vinos,D.O.-Somontano
Vinos,Espana,NULL,D.O.-Rioja-Tinto,Espana,5.49,D.O.-Rioja,Botella,60,11.6,969048832,Albacete--1--Valencia---Espana,NULL,301,Bodegas-Hermanos-Alvarez,151TR,NULL,Tinto-Reserva-95,D.O.-Rioja-Tinto,Conde-Tomas-de-Ribera,Global,Pilar-Espuna,301,NULL,6.11,NULL,Vinos,D.O.-Rioja
Quesos,Italia,Textura-del-queso,Vaca-Curado,Italia,1.86,Vaca,Porcion-(250-g),90,6.23,7893467,SS-503-Km.-23--Fraz.-Rossoio-20---50042-Italia,NULL,106,Cooperativa-Agricola-il-Poggiolo,054GD,NULL,Gorgonzola-Dolce,Vaca-Curado,Fontana,Global,Andrea-Cavaglieri,106,NULL,4.37,Tipo-de-leche,Quesos,Vaca
Espumosos,Espana,NULL,D.O.-Cava-Brut-Nature,Espana,8.8,D.O.-Cava,Botella,30,19.95,937665421,C/-Palencia-122-08024-Barcelona--Espana,NULL,308,Bodegas-Ferrer,336BN,NULL,Brut-Nature,D.O.-Cava-Brut-Nature,Santa-Eulalia,Global,Montserrat-Vila,308,NULL,11.15,NULL,Espumosos,D.O.-Cava
Vinos,Estados-Unidos,NULL,D.O.-Napa-Blanco,Estados-Unidos,19.76,D.O.-Napa,Botella,30,42.25,6707789,6242-E-Oakland-Park-Blvd -Sunrise--IL-93031-USA,NULL,322,West-Cellars-Company,231CH,NULL,Chardonnay-98,D.O.-Napa-Blanco,Golden-Valley,Global,Martin-Bates,322,NULL,22.49,NULL,Vinos,D.O.-Napa
Quesos,Francia,Textura-del-queso,Vaca-Pasta-blanda,Francia,3.16,Vaca,Porcion-(250-g),90,10.05,56341390,15-Boulevard-Bonne-Nouvelle---76003-Paris--France,NULL,104,Compagnie-du-Fromage,032PA,NULL,Pave-d'Affinois,Vaca-Pasta-blanda,Le-Pave-Box,Global,Jacques-Decruel,104,NULL,6.89,Tipo-de-leche,Quesos,Vaca
Quesos,Reino-Unido,Textura-del-queso,Vaca-Curado,Reino-Unido,2.08,Vaca,Porcion-(250-g),60,6.23,76589900,122-Brackenbury-Rd.-London-SW3,NULL,101,The-Farmhouse-Company,008MC,NULL,Mature-Cheddar,Vaca-Curado,Yellowcheese,Global,Richard-Addams,101,NULL,4.15,Tipo-de-leche,Quesos,Vaca
Quesos,Espana,Textura-del-queso,Oveja-Semicurado,Espana,2.12,Oveja,Porcion-(250-g),60,7.19,915566778,Biarritz--45--Madrid-28010--Espana,NULL,107,Cooperativa-del-Queso-del-Norte,076ID,NULL,Idiazabal,Oveja-Semicurado,Istorki,Global,Maria-Gutierrez,107,NULL,5.07,Tipo-de-leche,Quesos,Oveja
Vinos,Francia,NULL,D.O.-Bordeaux-Blanco,Francia,5.16,D.O.-Bordeaux,Botella,30,11.0,29945732,55-Rue-de-la-Pompe---95003-Bordeaux--France,NULL,315,Domaine-Bourdeaux,255MA,NULL,Merlot-Blanc-97,D.O.-Bordeaux-Blanco,Chateau-Duc-Versalle,Global,Michel-Lemaire,315,NULL,5.84,NULL,Vinos,D.O.-Bordeaux
Quesos,Espana,Textura-del-queso,Vaca-Tierno,Espana,2.46,Vaca,Porcion-(250-g),60,7.48,915566778,Biarritz--45--Madrid-28010--Espana,NULL,107,Cooperativa-del-Queso-del-Norte,084TE,NULL,Tetilla,Vaca-Tierno,La-Gallega,Global,Maria-Gutierrez,107,NULL,5.02,Tipo-de-leche,Quesos,Vaca
Postres,Reino-Unido,NULL,Galletas-de-chocolate,Reino-Unido,1.19,Galletas,Caja,60,3.95,56982392,2-Winchester-Road--London-SW3,NULL,204,The-Biscuits-Company,125CT,NULL,Chocolate-Truffle,Galletas-de-chocolate,Factory-Chocolate,Global,Mary-Brown,204,NULL,2.76,NULL,Postres,Galletas
Vinos,Estados-Unidos,NULL,D.O.-Napa-Blanco,Estados-Unidos,14.58,D.O.-Napa,Botella,30,34.75,5558779,2732-SW-137th-Ave -Davie--OR-8302--USA,NULL,319,Napa-Old-Vine-Cellars,222FB,NULL,Fume-Blanc-Reserve-97,D.O.-Napa-Blanco,Old-House-Cellar,Global,Mary-Ann-Smith,319,NULL,20.17,NULL,Vinos,D.O.-Napa
Vinos,Espana,NULL,D.O.-Ribera-del-Duero-Tinto,Espana,5.21,D.O.-Ribera-del-Duero,Botella,90,11.45,915629065,Serrano--456--Madrid-28011--Espana,NULL,304,Bebidas-Seleccion,240TR,NULL,Tinto-Reserva-94,D.O.-Ribera-del-Duero-Tinto,Conde-Duque-Montaraz,Global,Inigo-Elizalde,304,NULL,6.24,NULL,Vinos,D.O.-Ribera-del-Duero
Vinos,Espana,NULL,D.O.-Ribera-del-Duero-Tinto,Espana,9.13,D.O.-Ribera-del-Duero,Botella,90,18.8,915629065,Serrano--456--Madrid-28011--Espana,NULL,304,Bebidas-Seleccion,243TR,NULL,Tinto-Reserva-94,D.O.-Ribera-del-Duero-Tinto,Bodegas-Hnos.-Soldeoro,Global,Inigo-Elizalde,304,NULL,9.67,NULL,Vinos,D.O.-Ribera-del-Duero
Quesos,Belgica,Textura-del-queso,Vaca-Semicurado,Belgica,1.99,Vaca,Porcion-(250-g),60,6.84,90090011,34-Rue-de-Raspail---Brussels--Belgium,NULL,102,Cooperative-de-Produits-Laitiers,015PJ,NULL,Pere-Joseph,Vaca-Semicurado,Monsieur-Joseph,Global,Jean-Francois-Duval,102,NULL,4.85,Tipo-de-leche,Quesos,Vaca
Vinos,Estados-Unidos,NULL,D.O.-Napa-Blanco,Estados-Unidos,4.0,D.O.-Napa,Botella,30,9.9,5558779,2732-SW-137th-Ave -Davie--OR-8302--USA,NULL,319,Napa-Old-Vine-Cellars,197SE,NULL,Semillon-97,D.O.-Napa-Blanco,Old-Vine-Cellars,Global,Mary-Ann-Smith,319,NULL,5.9,NULL,Vinos,D.O.-Napa
Vinos,Francia,NULL,D.O.-Bourgogne-Rosado,Francia,7.04,D.O.-Bourgogne,Botella,30,15.06,78929928,52-Rue-Gay-Lussac--35003-Lyon--France,NULL,314,Domaine-Bourgogne,271CC,NULL,Chablis-Chardonnay-98,D.O.-Bourgogne-Rosado,Chateau-Haut-Rosee,Global,Philippe-Clemenceau,314,NULL,8.02,NULL,Vinos,D.O.-Bourgogne
Licores,Reino-Unido,NULL,Whisky,Reino-Unido,14.54,Licores,Botella,90,32.6,7794527,456-Broadgate-Circle-(Liverpool-St.)--London-SW4,NULL,317,English-Long-Drink-Company,321SW,NULL,Scotch-Whiskey-18-anos,Whisky,Glendale,Global,Charles-Spencer,317,NULL,18.06,NULL,Licores,Licores
Quesos,Espana,Textura-del-queso,Cabra-Semicurado,Espana,2.44,Cabra,Porcion-(250-g),60,7.48,915566778,Biarritz--45--Madrid-28010--Espana,NULL,107,Cooperativa-del-Queso-del-Norte,075IB,NULL,Ibores,Cabra-Semicurado,Flor-de-Montana,Global,Maria-Gutierrez,107,NULL,5.04,Tipo-de-leche,Quesos,Cabra
Quesos,Belgica,Textura-del-queso,Cabra-Tierno,Belgica,1.24,Cabra,Porcion-(250-g),60,4.06,90090011,34-Rue-de-Raspail---Brussels--Belgium,NULL,102,Cooperative-de-Produits-Laitiers,012CH,NULL,Chevrelait,Cabra-Tierno,ChevreFerme,Global,Jean-Francois-Duval,102,NULL,2.82,Tipo-de-leche,Quesos,Cabra
Vinos,Francia,NULL,D.O.-Bourgogne-Tinto,Francia,3.85,D.O.-Bourgogne,Botella,30,9.26,78929928,52-Rue-Gay-Lussac--35003-Lyon--France,NULL,314,Domaine-Bourgogne,265BR,NULL,Bourgogne-Rouge-97,D.O.-Bourgogne-Tinto,Chateau-des-Duc,Global,Philippe-Clemenceau,314,NULL,5.41,NULL,Vinos,D.O.-Bourgogne
Quesos,Italia,Textura-del-queso,Oveja-Tierno,Italia,1.48,Oveja,Porcion-(250-g),90,4.98,7893467,SS-503-Km.-23--Fraz.-Rossoio-20---50042-Italia,NULL,106,Cooperativa-Agricola-il-Poggiolo,062PT,NULL,Pecorino-Toscano,Oveja-Tierno,Toscattino,Global,Andrea-Cavaglieri,106,NULL,3.5,Tipo-de-leche,Quesos,Oveja
Licores,Reino-Unido,NULL,Whisky,Reino-Unido,10.86,Licores,Botella,90,27.0,7794527,456-Broadgate-Circle-(Liverpool-St.)--London-SW4,NULL,317,English-Long-Drink-Company,319SW,NULL,Scotch-Whiskey-12-anos,Whisky,Glendale,Global,Charles-Spencer,317,NULL,16.14,NULL,Licores,Licores
Quesos,Belgica,Textura-del-queso,Vaca-Semicurado,Belgica,2.18,Vaca,Porcion-(250-g),60,7.48,90090011,34-Rue-de-Raspail---Brussels--Belgium,NULL,102,Cooperative-de-Produits-Laitiers,014PA,NULL,Passendale,Vaca-Semicurado,Lessande,Global,Jean-Francois-Duval,102,NULL,5.3,Tipo-de-leche,Quesos,Vaca
Vinos,Espana,NULL,D.O.-Ribera-del-Duero-Tinto,Espana,8.05,D.O.-Ribera-del-Duero,Botella,90,18.03,915629065,Serrano--456--Madrid-28011--Espana,NULL,304,Bebidas-Seleccion,238TR,NULL,Tinto-Reserva-96,D.O.-Ribera-del-Duero-Tinto,Conde-Duque-Montaraz,Global,Inigo-Elizalde,304,NULL,9.98,NULL,Vinos,D.O.-Ribera-del-Duero
Quesos,Espana,Textura-del-queso,Vaca-Curado,Espana,1.55,Vaca,Porcion-(250-g),60,4.73,915566778,Biarritz--45--Madrid-28010--Espana,NULL,107,Cooperativa-del-Queso-del-Norte,077MA,NULL,Mahon,Vaca-Curado,Illenc,Global,Maria-Gutierrez,107,NULL,3.18,Tipo-de-leche,Quesos,Vaca
Quesos,Espana,Textura-del-queso,Mixto-Curado,Espana,2.16,Mixto,Porcion-(250-g),60,6.84,915566778,Biarritz--45--Madrid-28010--Espana,NULL,107,Cooperativa-del-Queso-del-Norte,074IB,NULL,Iberico,Mixto-Curado,El-Pastor,Global,Maria-Gutierrez,107,NULL,4.68,Tipo-de-leche,Quesos,Mixto
Vinos,Francia,NULL,D.O.-Bourgogne-Blanco,Francia,5.83,D.O.-Bourgogne,Botella,30,12.11,78929928,52-Rue-Gay-Lussac--35003-Lyon--France,NULL,314,Domaine-Bourgogne,268CC,NULL,Chablis-Chardonnay-97/98,D.O.-Bourgogne-Blanco,Duc-Puy-Arnatel,Global,Philippe-Clemenceau,314,NULL,6.28,NULL,Vinos,D.O.-Bourgogne
Quesos,Espana,Textura-del-queso,Vaca-Fresco,Espana,0.75,Vaca,Porcion-(250-g),60,2.48,915566778,Biarritz--45--Madrid-28010--Espana,NULL,107,Cooperativa-del-Queso-del-Norte,093BU,NULL,Burgos,Vaca-Fresco,La-Vaqueria,Global,Maria-Gutierrez,107,NULL,1.73,Tipo-de-leche,Quesos,Vaca
Quesos,Reino-Unido,Textura-del-queso,Vaca-Curado,Reino-Unido,1.5,Vaca,Porcion-(250-g),60,4.98,76589900,122-Brackenbury-Rd.-London-SW3,NULL,101,The-Farmhouse-Company,004DG,NULL,Double-Gloucester,Vaca-Curado,Mr.-Cooper,Global,Richard-Addams,101,NULL,3.48,Tipo-de-leche,Quesos,Vaca
Vinos,Australia,NULL,D.O.-Coonawarra-Blanco,Australia,7.66,D.O.-Coonawarra,Botella,30,19.95,5568990,12-American-Dr--St-Pauls-NSW-2111-Australia,NULL,327,Francis-Jr.-Cellars,300CH,NULL,Chardonnay-98,D.O.-Coonawarra-Blanco,Francis-Jr.Cellars,Global,Greg-Foster,327,NULL,12.29,NULL,Vinos,D.O.-Coonawarra
Vinos,Espana,NULL,D.O.-Rioja-Tinto,Espana,6.57,D.O.-Rioja,Botella,90,13.85,912349856,Av.-Recinto-Ferial-Juan-Carlos-I--Madrid-28010--Espana,NULL,302,Cooperativa-del-Alto-Rioja,146TG,NULL,Tinto-Gran-Reserva-93,D.O.-Rioja-Tinto,Marques-de-Albinana,Global,Paloma-Martinez,302,NULL,7.28,NULL,Vinos,D.O.-Rioja
Vinos,Espana,NULL,D.O.-Rioja-Tinto,Espana,6.11,D.O.-Rioja,Botella,90,12.87,912349856,Av.-Recinto-Ferial-Juan-Carlos-I--Madrid-28010--Espana,NULL,302,Cooperativa-del-Alto-Rioja,149TG,NULL,Tinto-Gran-Reserva-91,D.O.-Rioja-Tinto,Marques-de-Albinana,Global,Paloma-Martinez,302,NULL,6.76,NULL,Vinos,D.O.-Rioja
Quesos,Canada,Textura-del-queso,Cabra-Pasta-blanda,Estados-Unidos,1.27,Cabra,Porcion-(250-g),90,4.25,4569000,122Griffin-Rd -Fort-Lauderdale--FL-33041--USA,NULL,112,Old-Farm-Inc.,095CC,NULL,Canadian-Chevre,Cabra-Pasta-blanda,The-Northness,Global,James-Sand,112,NULL,2.98,Tipo-de-leche,Quesos,Cabra
Vinos,Francia,NULL,D.O.-Bordeaux-Tinto,Francia,340.42,D.O.-Bordeaux,Botella,30,899.0,29945732,55-Rue-de-la-Pompe---95003-Bordeaux--France,NULL,315,Domaine-Bourdeaux,264BO,NULL,Bordeaux-88,D.O.-Bordeaux-Tinto,Grant-Estephe,Global,Michel-Lemaire,315,NULL,558.58,NULL,Vinos,D.O.-Bordeaux
Postres,Espana,NULL,Dulces-de-Navidad,Espana,1.4,Pasteleria,Caja,60,4.25,959047888,Goya--3-Bilbao---Espana,NULL,202,Cooperativa-de-Reposteria-Tradicional,111HS,NULL,Huesos-de-Santo,Dulces-de-Navidad,San-Rafael,Global,Begona-Iribarren,202,NULL,2.85,NULL,Postres,Pasteleria
Postres,Reino-Unido,NULL,Pastas-de-te,Reino-Unido,1.16,Galletas,Caja,60,3.5,56982392,2-Winchester-Road--London-SW3,NULL,204,The-Biscuits-Company,131RT,NULL,Rich-Tea-Biscuits,Pastas-de-te,Factory-Tea,Global,Mary-Brown,204,NULL,2.34,NULL,Postres,Galletas
Vinos,Estados-Unidos,NULL,D.O.-Napa-Blanco,Estados-Unidos,19.35,D.O.-Napa,Botella,30,42.5,6707789,6242-E-Oakland-Park-Blvd -Sunrise--IL-93031-USA,NULL,322,West-Cellars-Company,233CS,NULL,Cabernet-Sauvignon-96,D.O.-Napa-Blanco,Golden-Valley,Global,Martin-Bates,322,NULL,23.15,NULL,Vinos,D.O.-Napa
Quesos,Holanda,Textura-del-queso,Vaca-Semicurado,Holanda,1.12,Vaca,Porcion-(250-g),60,3.73,45562389,Leidsekade-97-1017-PN-Amsterdam--Holland,NULL,105,The-Holland-House,045MA,NULL,Maasdam,Vaca-Semicurado,Maarderrner,Global,Mark-Vanderlok,105,NULL,2.61,Tipo-de-leche,Quesos,Vaca
Quesos,Reino-Unido,Textura-del-queso,Vaca-Pasta-veteada,Reino-Unido,2.01,Vaca,Porcion-(250-g),60,6.84,76589900,122-Brackenbury-Rd.-London-SW3,NULL,101,The-Farmhouse-Company,005HU,NULL,Huntsman,Vaca-Pasta-veteada,Thoncheese,Global,Richard-Addams,101,NULL,4.83,Tipo-de-leche,Quesos,Vaca
Licores,Francia,NULL,D.O.-Cognac,Francia,68.85,Licores,Botella,90,169.95,23238989,123-Boulevard-Raspail---75003-Poissy--France,NULL,311,Domaine-Imperiale,338CO,NULL,Cognac,D.O.-Cognac,L'Eveque,Global,Marie-Bontemps,311,NULL,101.1,NULL,Licores,Licores
Quesos,Francia,Textura-del-queso,Vaca-Semicurado,Francia,2.16,Vaca,Porcion-(250-g),90,7.0,56341390,15-Boulevard-Bonne-Nouvelle---76003-Paris--France,NULL,104,Compagnie-du-Fromage,039TS,NULL,Tomme-de-Savoie,Vaca-Semicurado,Ferme-du-Savoie,Global,Jacques-Decruel,104,NULL,4.84,Tipo-de-leche,Quesos,Vaca
Vinos,Francia,NULL,D.O.-Bordeaux-Tinto,Francia,40.65,D.O.-Bordeaux,Botella,30,89.95,29945732,55-Rue-de-la-Pompe---95003-Bordeaux--France,NULL,315,Domaine-Bourdeaux,263BO,NULL,Bordeaux-88,D.O.-Bordeaux-Tinto,Saint-Estephe,Global,Michel-Lemaire,315,NULL,49.3,NULL,Vinos,D.O.-Bordeaux
Postres,Reino-Unido,NULL,Galletas-de-chocolate,Reino-Unido,1.01,Galletas,Caja,60,3.25,56982392,2-Winchester-Road--London-SW3,NULL,204,The-Biscuits-Company,127BC,NULL,Bourbon-Creams,Galletas-de-chocolate,Factory-Cream,Global,Mary-Brown,204,NULL,2.24,NULL,Postres,Galletas
Vinos,Espana,NULL,D.O.-Penedes-Blanco,Espana,6.02,D.O.-Penedes,Botella,30,12.9,933450011,C/-Paris-161-08023-Barcelona--Espana,NULL,305,Cooperativa-del-Penedes,180CH,NULL,Chardonnay-97,D.O.-Penedes-Blanco,Vina-Seleccion,Global,Jordi-Comte,305,NULL,6.88,NULL,Vinos,D.O.-Penedes
Vinos,Estados-Unidos,NULL,D.O.-Napa-Blanco,Estados-Unidos,15.56,D.O.-Napa,Botella,30,32.45,8876445,1301-NE-4th-Ave -Boca-Raton--FL-33030--USA,NULL,321,The-Company-of-West-Vineyards,218SY,NULL,Syrah-97,D.O.-Napa-Blanco,West-Vineyards,Global,Ricky-Castro,321,NULL,16.89,NULL,Vinos,D.O.-Napa
Vinos,Francia,NULL,D.O.-Bourgogne-Tinto,Francia,3.85,D.O.-Bourgogne,Botella,30,8.8,78929928,52-Rue-Gay-Lussac--35003-Lyon--France,NULL,314,Domaine-Bourgogne,267BP,NULL,Bourgogne-Pinot-Noir-97,D.O.-Bourgogne-Tinto,Chateau-des-Duc,Global,Philippe-Clemenceau,314,NULL,4.95,NULL,Vinos,D.O.-Bourgogne
Quesos,Francia,Textura-del-queso,Vaca-Semicurado,Francia,3.0,Vaca,Porcion-(250-g),60,9.98,79034678,96-Rue-Vauvilliers ---75003-Paris--France,NULL,103,Compagnie-Laitier,021BS,NULL,Brillant-Savarin,Vaca-Semicurado,Ferme-Pierre,Global,Florence-Deveroix,103,NULL,6.98,Tipo-de-leche,Quesos,Vaca
Vinos,Francia,NULL,D.O.-Bordeaux-Tinto,Francia,12.8,D.O.-Bordeaux,Botella,30,29.95,29945732,55-Rue-de-la-Pompe---95003-Bordeaux--France,NULL,315,Domaine-Bourdeaux,262BO,NULL,Bordeaux-97,D.O.-Bordeaux-Tinto,Monsieur-Valentin,Global,Michel-Lemaire,315,NULL,17.15,NULL,Vinos,D.O.-Bordeaux
Quesos,Australia,Textura-del-queso,Vaca-Pasta-blanda,Australia,1.85,Vaca,Porcion-(250-g),90,6.23,4561100,15-Grand-Bridge-Queen-Elizabeth-NSW-Australia,NULL,115,Australian-Cow-Company,103ST,NULL,Seal-Bay-Triple-Cream,Vaca-Pasta-blanda,Triplecheese,Global,Ingrid-White,115,NULL,4.38,Tipo-de-leche,Quesos,Vaca
Vinos,Espana,NULL,D.O.-Rioja-Tinto,Espana,8.77,D.O.-Rioja,Botella,90,19.41,912349856,Av.-Recinto-Ferial-Juan-Carlos-I--Madrid-28010--Espana,NULL,302,Cooperativa-del-Alto-Rioja,144TG,NULL,Tinto-Gran-Reserva-89,D.O.-Rioja-Tinto,Marques-de-Albinana,Global,Paloma-Martinez,302,NULL,10.64,NULL,Vinos,D.O.-Rioja
Licores,Francia,NULL,D.O.-Cognac,Francia,54.93,Licores,Botella,90,114.15,23238989,123-Boulevard-Raspail---75003-Poissy--France,NULL,311,Domaine-Imperiale,339CO,NULL,Cognac,D.O.-Cognac,L'Eveque,Global,Marie-Bontemps,311,NULL,59.22,NULL,Licores,Licores
Vinos,Francia,NULL,D.O.-Alsace-Tinto,Francia,5.37,D.O.-Alsace,Botella,30,10.79,78992726,10-Avenue-de-Caroline---93021-Bordeaux--France,NULL,316,Cellier-Alsace,274RI,NULL,Riesling-96,D.O.-Alsace-Tinto,Allimat-Deiss,Global,Denis-Felix,316,NULL,5.42,NULL,Vinos,D.O.-Alsace
Postres,Reino-Unido,NULL,Galletas-de-fruta,Reino-Unido,0.6,Galletas,Caja,60,2.0,56982392,2-Winchester-Road--London-SW3,NULL,204,The-Biscuits-Company,133LP,NULL,Lemon-Puff,Galletas-de-fruta,Factory-Lemon,Global,Mary-Brown,204,NULL,1.4,NULL,Postres,Galletas
Postres,Italia,NULL,Pastas-de-te,Italia,2.1,Galletas,Caja,90,6.35,3457632,Via-Fabio-Filzi-25-A-Milano--Italia,NULL,201,Casale-di-la-Mama,107CB,NULL,Cantucci-Biscotti,Pastas-de-te,Casale-di-la-Mamma,Global,Fabrizio-Baciucconi,201,NULL,4.25,NULL,Postres,Galletas
Quesos,Suiza,Textura-del-queso,Vaca-Curado,Suiza,3.0,Vaca,Porcion-(250-g),60,9.15,29000112,Hoheweg-211-CH-3800-Interlaken-Switzerland,NULL,111,Produits-Naturels-de-Suisse,089TM,NULL,Tete-de-Moine,Vaca-Curado,Les-Moinettes,Global,Marcus-Di-Miele,111,NULL,6.15,Tipo-de-leche,Quesos,Vaca
Vinos,Espana,NULL,D.O.-Penedes-Tinto,Espana,4.93,D.O.-Penedes,Botella,30,10.9,933450011,C/-Paris-161-08023-Barcelona--Espana,NULL,305,Cooperativa-del-Penedes,175CS,NULL,Cabernet-Sauvignon-Reserva-93,D.O.-Penedes-Tinto,Bodegas-Don-Emilio,Global,Jordi-Comte,305,NULL,5.97,NULL,Vinos,D.O.-Penedes
Postres,Reino-Unido,NULL,Galletas-de-chocolate,Reino-Unido,1.03,Galletas,Caja,60,3.5,56982392,2-Winchester-Road--London-SW3,NULL,204,The-Biscuits-Company,132DC,NULL,Dark-Chocolate-Digestives,Galletas-de-chocolate,Factory-Chocolate,Global,Mary-Brown,204,NULL,2.47,NULL,Postres,Galletas
Vinos,Espana,NULL,D.O.-Rioja-Tinto,Espana,3.9,D.O.-Rioja,Botella,60,9.04,969048832,Albacete--1--Valencia---Espana,NULL,301,Bodegas-Hermanos-Alvarez,138TC,NULL,Tinto-Crianza-94,D.O.-Rioja-Tinto,Conde-Duque-Alvarez,Global,Pilar-Espuna,301,NULL,5.14,NULL,Vinos,D.O.-Rioja
Quesos,Espana,Textura-del-queso,Cabra-Curado,Espana,2.28,Cabra,Porcion-(250-g),60,6.84,914555909,Principe-de-Vergara--22--Madrid-28010--Espana,NULL,108,La-Meseta--S.A.,083QC,NULL,Queso-de-cabra-al-vino,Cabra-Curado,Bellacabra-Curado,Global,Pedro-Salvador,108,NULL,4.56,Tipo-de-leche,Quesos,Cabra
Vinos,Espana,NULL,D.O.-Rioja-Tinto,Espana,3.41,D.O.-Rioja,Botella,60,7.51,969048832,Albacete--1--Valencia---Espana,NULL,301,Bodegas-Hermanos-Alvarez,140TC,NULL,Tinto-Crianza-96,D.O.-Rioja-Tinto,Conde-Duque-Alvarez,Global,Pilar-Espuna,301,NULL,4.1,NULL,Vinos,D.O.-Rioja
Vinos,Espana,NULL,D.O.-Penedes-Tinto,Espana,5.25,D.O.-Penedes,Botella,30,11.75,933450011,C/-Paris-161-08023-Barcelona--Espana,NULL,305,Cooperativa-del-Penedes,176TR,NULL,Tinto-Reserva-94,D.O.-Penedes-Tinto,Bodegas-Don-Emilio,Global,Jordi-Comte,305,NULL,6.5,NULL,Vinos,D.O.-Penedes
Vinos,Australia,NULL,D.O.-Barossa-Valley-Blanco,Australia,8.64,D.O.-Barossa-Valley,Botella,30,18.0,9887556,97-Food-Street--Maryland-NSW-2234-Australia,NULL,325,Australian-Cellars-Company,295GS,NULL,Golden-Semillon-97,D.O.-Barossa-Valley-Blanco,Australian-Cellars,Global,Benjamin-Lynn,325,NULL,9.36,NULL,Vinos,D.O.-Barossa-Valley
Espumosos,Francia,NULL,D.O.-Champagne-Brut,Francia,20.8,D.O.-Champagne,Botella,90,54.0,88902682,3-Avenue-Georges---25003-Lyon--France,NULL,313,Chateau-d'Or,287UB,NULL,Ultra-Brut,D.O.-Champagne-Brut,Chateau-d'Or,Global,Julie-Deschamps,313,NULL,33.2,NULL,Espumosos,D.O.-Champagne
Vinos,Estados-Unidos,NULL,D.O.-Napa-Blanco,Estados-Unidos,16.79,D.O.-Napa,Botella,30,41.5,6707789,6242-E-Oakland-Park-Blvd -Sunrise--IL-93031-USA,NULL,322,West-Cellars-Company,229CS,NULL,Cabernet-Sauvignon-96,D.O.-Napa-Blanco,Golden-Valley,Global,Martin-Bates,322,NULL,24.71,NULL,Vinos,D.O.-Napa
Licores,Espana,NULL,Licores,Espana,2.78,Licores,Botella,30,6.75,939232323,C/-Concilio-de-Trento-111-08024-Barcelona--Espana,NULL,310,Cia.-De-Licores--S.A.,317MA,NULL,Manzanilla,Licores,Fina-Perez,Global,Carles-Vilaseca,310,NULL,3.97,NULL,Licores,Licores
Quesos,Espana,Textura-del-queso,Mixto-Pasta-veteada,Espana,2.36,Mixto,Porcion-(250-g),60,7.48,915566778,Biarritz--45--Madrid-28010--Espana,NULL,107,Cooperativa-del-Queso-del-Norte,072CA,NULL,Cabrales,Mixto-Pasta-veteada,La-Granja,Global,Maria-Gutierrez,107,NULL,5.12,Tipo-de-leche,Quesos,Mixto
Vinos,Espana,NULL,D.O.-Ribera-del-Duero-Tinto,Espana,7.5,D.O.-Ribera-del-Duero,Botella,90,17.17,915629065,Serrano--456--Madrid-28011--Espana,NULL,304,Bebidas-Seleccion,244TR,NULL,Tinto-Reserva-94,D.O.-Ribera-del-Duero-Tinto,Bodegas-Hnos.-Soldeoro,Global,Inigo-Elizalde,304,NULL,9.67,NULL,Vinos,D.O.-Ribera-del-Duero
Vinos,Australia,NULL,D.O.-Barossa-Valley-Rosado,Australia,9.41,D.O.-Barossa-Valley,Botella,30,25.0,6544342,56-White-Road--Kariong-NSW-3422-Australia,NULL,326,Vineyards-of-Australia-Inc.,298SH,NULL,Shiraz-96,D.O.-Barossa-Valley-Rosado,Vineyards-of-Australia,Global,Silvia-O'Callaghan,326,NULL,15.59,NULL,Vinos,D.O.-Barossa-Valley
Vinos,Australia,NULL,D.O.-Hunter-Valley-Blanco,Australia,9.15,D.O.-Hunter-Valley,Botella,30,19.95,3346678,34-Coupar-Av---Sydney-NSW-Australia,NULL,328,Atlas-Vineyard,304CH,NULL,Chardonnay-98,D.O.-Hunter-Valley-Blanco,Atlas-Vineyard,Global,Donald-Foley,328,NULL,10.8,NULL,Vinos,D.O.-Hunter-Valley
Postres,Italia,NULL,Bizcochos,Italia,2.29,Pasteleria,Unidad,90,7.29,3457632,Via-Fabio-Filzi-25-A-Milano--Italia,NULL,201,Casale-di-la-Mama,104DP,NULL,Dark-Panforte,Bizcochos,Il-Panetonne-(Dark),Global,Fabrizio-Baciucconi,201,NULL,5.0,NULL,Postres,Pasteleria
Vinos,Francia,NULL,D.O.-Bordeaux-Blanco,Francia,5.01,D.O.-Bordeaux,Botella,30,11.0,29945732,55-Rue-de-la-Pompe---95003-Bordeaux--France,NULL,315,Domaine-Bourdeaux,256SB,NULL,Sauvignon-Blanc-98,D.O.-Bordeaux-Blanco,Chateau-Duc-Versalle,Global,Michel-Lemaire,315,NULL,5.99,NULL,Vinos,D.O.-Bordeaux
Quesos,Italia,Textura-del-queso,Vaca-Curado,Italia,1.52,Vaca,Porcion-(250-g),90,5.3,7893467,SS-503-Km.-23--Fraz.-Rossoio-20---50042-Italia,NULL,106,Cooperativa-Agricola-il-Poggiolo,059MG,NULL,Mountain-Gorgonzola,Vaca-Curado,Antico-Mulardi,Global,Andrea-Cavaglieri,106,NULL,3.78,Tipo-de-leche,Quesos,Vaca
Vinos,Espana,NULL,D.O.-Somontano-Tinto,Espana,3.65,D.O.-Somontano,Botella,30,8.11,934507651,Granvia-de-Les-Corts-Catalanes-89-08024-Barcelona--Espana,NULL,307,Compania-Vinicola--S.A.,182TR,NULL,Tinto-Reserva-94,D.O.-Somontano-Tinto,Bodegas-de-Aragon,Global,Mercedes-Salvatella,307,NULL,4.46,NULL,Vinos,D.O.-Somontano
Vinos,Estados-Unidos,NULL,D.O.-Napa-Blanco,Estados-Unidos,9.43,D.O.-Napa,Botella,90,23.0,5559806,222-NE-67th-St -New-York-City--NY-11203--USA,NULL,320,Robert-F.-Cellars,203SG,NULL,Sangiovese-97,D.O.-Napa-Blanco,Robert-F.-Cellars,Global,Paul-Stevenson,320,NULL,13.57,NULL,Vinos,D.O.-Napa
Espumosos,Francia,NULL,D.O.-Champagne-Brut,Francia,16.07,D.O.-Champagne,Botella,90,35.0,88902682,3-Avenue-Georges---25003-Lyon--France,NULL,313,Chateau-d'Or,286BR,NULL,Brut-Reserve,D.O.-Champagne-Brut,Chateau-d'Or,Global,Julie-Deschamps,313,NULL,18.93,NULL,Espumosos,D.O.-Champagne
Espumosos,Francia,NULL,D.O.-Champagne-Brut,Francia,38.16,D.O.-Champagne,Botella,90,79.95,88902682,3-Avenue-Georges---25003-Lyon--France,NULL,313,Chateau-d'Or,290BC,NULL,Brut-Chardonnay,D.O.-Champagne-Brut,Chateau-d'Or,Global,Julie-Deschamps,313,NULL,41.79,NULL,Espumosos,D.O.-Champagne
Quesos,Dinamarca,Textura-del-queso,Vaca-Pasta-veteada,Dinamarca,1.32,Vaca,Porcion-(250-g),60,4.06,34347899,Vesterbro-21--1900-Aalborg-Denmark,NULL,109,Laerdale-Company,068DB,NULL,Danish-Crumbly-Blue,Vaca-Pasta-veteada,Maachtrarden,Regional,John-Hughes,109,NULL,2.74,Tipo-de-leche,Quesos,Vaca
Vinos,Estados-Unidos,NULL,D.O.-Napa-Tinto,Estados-Unidos,9.9,D.O.-Napa,Botella,30,26.2,8876445,1301-NE-4th-Ave -Boca-Raton--FL-33030--USA,NULL,321,The-Company-of-West-Vineyards,208ME,NULL,Merlot-97,D.O.-Napa-Tinto,West-Vineyards,Global,Ricky-Castro,321,NULL,16.3,NULL,Vinos,D.O.-Napa
Quesos,Espana,Textura-del-queso,Oveja-Tierno,Espana,1.18,Oveja,Porcion-(250-g),60,3.73,914555909,Principe-de-Vergara--22--Madrid-28010--Espana,NULL,108,La-Meseta--S.A.,078MA,NULL,Manchego,Oveja-Tierno,La-Meseta-Tierno,Global,Pedro-Salvador,108,NULL,2.55,Tipo-de-leche,Quesos,Oveja
Vinos,Espana,NULL,D.O.-Ribera-del-Duero-Tinto,Espana,11.03,D.O.-Ribera-del-Duero,Botella,90,22.9,915629065,Serrano--456--Madrid-28011--Espana,NULL,304,Bebidas-Seleccion,246TR,NULL,Tinto-Reserva-95/96,D.O.-Ribera-del-Duero-Tinto,Viuda-de-Soldeoro,Global,Inigo-Elizalde,304,NULL,11.87,NULL,Vinos,D.O.-Ribera-del-Duero
Vinos,Espana,NULL,D.O.-Ribera-del-Duero-Tinto,Espana,9.4,D.O.-Ribera-del-Duero,Botella,90,22.54,915629065,Serrano--456--Madrid-28011--Espana,NULL,304,Bebidas-Seleccion,236TR,NULL,Tinto-Reserva-95/96,D.O.-Ribera-del-Duero-Tinto,Conde-Duque-Montaraz,Global,Inigo-Elizalde,304,NULL,13.14,NULL,Vinos,D.O.-Ribera-del-Duero
Espumosos,Francia,NULL,D.O.-Champagne-Brut,Francia,11.52,D.O.-Champagne,Botella,90,25.0,88902682,3-Avenue-Georges---25003-Lyon--France,NULL,313,Chateau-d'Or,284BS,NULL,Brut-Premier-Cru,D.O.-Champagne-Brut,Chateau-d'Or,Global,Julie-Deschamps,313,NULL,13.48,NULL,Espumosos,D.O.-Champagne
Quesos,Francia,Textura-del-queso,Cabra-Semicurado,Francia,0.89,Cabra,Porcion-(250-g),60,3.1,79034678,96-Rue-Vauvilliers ---75003-Paris--France,NULL,103,Compagnie-Laitier,019BA,NULL,Banon,Cabra-Semicurado,Ferail,Global,Florence-Deveroix,103,NULL,2.21,Tipo-de-leche,Quesos,Cabra
Quesos,Italia,Textura-del-queso,Oveja-Tierno,Italia,1.04,Oveja,Porcion-(250-g),90,3.5,7893467,SS-503-Km.-23--Fraz.-Rossoio-20---50042-Italia,NULL,106,Cooperativa-Agricola-il-Poggiolo,065RS,NULL,Ricotta-Salata,Oveja-Tierno,Ricottina,Global,Andrea-Cavaglieri,106,NULL,2.46,Tipo-de-leche,Quesos,Oveja
Vinos,Estados-Unidos,NULL,D.O.-Napa-Tinto,Estados-Unidos,12.71,D.O.-Napa,Botella,30,26.5,8876445,1301-NE-4th-Ave -Boca-Raton--FL-33030--USA,NULL,321,The-Company-of-West-Vineyards,210PN,NULL,Pinot-Noir-97,D.O.-Napa-Tinto,West-Vineyards,Global,Ricky-Castro,321,NULL,13.79,NULL,Vinos,D.O.-Napa
Vinos,Estados-Unidos,NULL,D.O.-Napa-Blanco,Estados-Unidos,5.82,D.O.-Napa,Botella,30,12.5,9457727,4701-Oakes-Rd -San-Jose--CA-12020--USA,NULL,318,Golden-Vineyards-Company,190CH,NULL,Chardonnay-98,D.O.-Napa-Blanco,Golden-Vineyards,Global,Juan-Rodriguez,318,NULL,6.68,NULL,Vinos,D.O.-Napa
Quesos,Espana,Textura-del-queso,Oveja-Anejo,Espana,2.02,Oveja,Porcion-(250-g),60,6.98,914555909,Principe-de-Vergara--22--Madrid-28010--Espana,NULL,108,La-Meseta--S.A.,081MA,NULL,Manchego,Oveja-Anejo,La-Meseta-Anejo,Global,Pedro-Salvador,108,NULL,4.96,Tipo-de-leche,Quesos,Oveja
Postres,Espana,NULL,Pastas-de-te,Espana,2.25,Galletas,Caja,60,7.25,959047888,Goya--3-Bilbao---Espana,NULL,202,Cooperativa-de-Reposteria-Tradicional,117PM,NULL,Pastas-Caseras-de-las-Monjas-Benedictinas,Pastas-de-te,La-Tradicion,Global,Begona-Iribarren,202,NULL,5.0,NULL,Postres,Galletas
Quesos,Irlanda,Textura-del-queso,Vaca-Anejo,Irlanda,3.3,Vaca,Porcion-(250-g),60,9.98,5678923,23-Commerce-Street--Dublin--Ireland,NULL,113,The-Irish-Cheese-Company,100MC,NULL,Irish-Mature-Coolea,Vaca-Anejo,The-William's,Global,Patrick-McCain,113,NULL,6.68,Tipo-de-leche,Quesos,Vaca
Vinos,Chile,NULL,Mendoza-Tinto,Chile,4.77,Mendoza,Botella,15,9.95,6657888,Salud--21-Santiago-45901-Chile,NULL,329,Compania-del-Valle-Montemar,308ME,NULL,Merlot-99,Mendoza-Tinto,Casa-Julia-Montemar,Global,Gregorio-Sullivan,329,NULL,5.18,NULL,Vinos,Mendoza
Quesos,Francia,Textura-del-queso,Vaca-Semicurado,Francia,1.67,Vaca,Porcion-(250-g),90,5.59,56341390,15-Boulevard-Bonne-Nouvelle---76003-Paris--France,NULL,104,Compagnie-du-Fromage,034RA,NULL,Raclette,Vaca-Semicurado,Old-Waloon,Global,Jacques-Decruel,104,NULL,3.92,Tipo-de-leche,Quesos,Vaca
Quesos,Reino-Unido,Textura-del-queso,Vaca-Semicurado,Reino-Unido,2.05,Vaca,Porcion-(250-g),60,6.23,76589900,122-Brackenbury-Rd.-London-SW3,NULL,101,The-Farmhouse-Company,007RL,NULL,Red-Leicester,Vaca-Semicurado,The-Red-Farm,Global,Richard-Addams,101,NULL,4.18,Tipo-de-leche,Quesos,Vaca
Vinos,Estados-Unidos,NULL,D.O.-Napa-Blanco,Estados-Unidos,5.17,D.O.-Napa,Botella,30,13.0,9457727,4701-Oakes-Rd -San-Jose--CA-12020--USA,NULL,318,Golden-Vineyards-Company,191CB,NULL,Chenin-Blanc-97,D.O.-Napa-Blanco,Golden-Vineyards,Global,Juan-Rodriguez,318,NULL,7.83,NULL,Vinos,D.O.-Napa
Vinos,Espana,NULL,D.O.-Rioja-Tinto,Espana,2.68,D.O.-Rioja,Botella,90,5.37,912349856,Av.-Recinto-Ferial-Juan-Carlos-I--Madrid-28010--Espana,NULL,302,Cooperativa-del-Alto-Rioja,171TC,NULL,Tinto-Crianza-96,D.O.-Rioja-Tinto,Ribera-de-Afluente,Global,Paloma-Martinez,302,NULL,2.69,NULL,Vinos,D.O.-Rioja
Vinos,Espana,NULL,D.O.-Rioja-Tinto,Espana,11.95,D.O.-Rioja,Botella,90,27.9,912349856,Av.-Recinto-Ferial-Juan-Carlos-I--Madrid-28010--Espana,NULL,302,Cooperativa-del-Alto-Rioja,143TG,NULL,Tinto-Gran-Reserva-82,D.O.-Rioja-Tinto,Marques-de-Albinana,Global,Paloma-Martinez,302,NULL,15.95,NULL,Vinos,D.O.-Rioja
Vinos,Estados-Unidos,NULL,D.O.-Napa-Blanco,Estados-Unidos,7.94,D.O.-Napa,Botella,30,17.25,9457727,4701-Oakes-Rd -San-Jose--CA-12020--USA,NULL,318,Golden-Vineyards-Company,195SB,NULL,Sauvignon-Blanc-96,D.O.-Napa-Blanco,Golden-Vineyards,Global,Juan-Rodriguez,318,NULL,9.31,NULL,Vinos,D.O.-Napa
Licores,Reino-Unido,NULL,Whisky,Reino-Unido,13.4,Licores,Botella,90,30.5,7794527,456-Broadgate-Circle-(Liverpool-St.)--London-SW4,NULL,317,English-Long-Drink-Company,320SW,NULL,Scotch-Whiskey-15-anos,Whisky,Glendale,Global,Charles-Spencer,317,NULL,17.1,NULL,Licores,Licores
Espumosos,Francia,NULL,D.O.-Champagne-Brut,Francia,70.69,D.O.-Champagne,Botella,90,169.95,88902682,3-Avenue-Georges---25003-Lyon--France,NULL,313,Chateau-d'Or,292BC,NULL,1989-Brut-Champagne,D.O.-Champagne-Brut,Chateau-d'Or,Global,Julie-Deschamps,313,NULL,99.26,NULL,Espumosos,D.O.-Champagne
Quesos,Francia,Textura-del-queso,Vaca-Curado,Francia,2.35,Vaca,Porcion-(250-g),60,7.48,79034678,96-Rue-Vauvilliers ---75003-Paris--France,NULL,103,Compagnie-Laitier,026DM,NULL,Doux-de-Montagne,Vaca-Curado,Fleurmontagne,Global,Florence-Deveroix,103,NULL,5.13,Tipo-de-leche,Quesos,Vaca
Postres,Espana,NULL,Dulces-de-Navidad,Espana,2.14,Pasteleria,Unidad,60,6.75,959047888,Goya--3-Bilbao---Espana,NULL,202,Cooperativa-de-Reposteria-Tradicional,113TJ,NULL,Turron-de-Jijona,Dulces-de-Navidad,Saga-Antigua,Global,Begona-Iribarren,202,NULL,4.61,NULL,Postres,Pasteleria
Vinos,Francia,NULL,D.O.-Bourgogne-Tinto,Francia,6.48,D.O.-Bourgogne,Botella,30,16.11,78929928,52-Rue-Gay-Lussac--35003-Lyon--France,NULL,314,Domaine-Bourgogne,272CC,NULL,Chablis-Chardonnay-98,D.O.-Bourgogne-Tinto,Chateau-Plonsac,Global,Philippe-Clemenceau,314,NULL,9.63,NULL,Vinos,D.O.-Bourgogne
Vinos,Australia,NULL,D.O.-Coonawarra-Tinto,Australia,12.51,D.O.-Coonawarra,Botella,30,29.95,5568990,12-American-Dr--St-Pauls-NSW-2111-Australia,NULL,327,Francis-Jr.-Cellars,301ME,NULL,Merlot-97,D.O.-Coonawarra-Tinto,Francis-Jr.Cellars,Global,Greg-Foster,327,NULL,17.44,NULL,Vinos,D.O.-Coonawarra
Vinos,Espana,NULL,D.O.-Rioja-Tinto,Espana,3.71,D.O.-Rioja,Botella,30,8.05,932129865,V.-Favencia-2-08024-Barcelona-Espana,NULL,306,Bodegas-San-Gervasio,165TR,NULL,Tinto-Reserva-94,D.O.-Rioja-Tinto,El-Senorio,Global,Xavier-Gonzalez,306,NULL,4.34,NULL,Vinos,D.O.-Rioja
Vinos,Espana,NULL,D.O.-Ribera-del-Duero-Tinto,Espana,3.62,D.O.-Ribera-del-Duero,Botella,90,8.11,915629065,Serrano--456--Madrid-28011--Espana,NULL,304,Bebidas-Seleccion,239TC,NULL,Tinto-Crianza-97,D.O.-Ribera-del-Duero-Tinto,Conde-Duque-Montaraz,Global,Inigo-Elizalde,304,NULL,4.49,NULL,Vinos,D.O.-Ribera-del-Duero
Espumosos,Francia,NULL,D.O.-Champagne-Brut,Francia,35.43,D.O.-Champagne,Botella,90,85.0,88902682,3-Avenue-Georges---25003-Lyon--France,NULL,313,Chateau-d'Or,289BR,NULL,Brut-Reserve,D.O.-Champagne-Brut,Chateau-d'Or,Global,Julie-Deschamps,313,NULL,49.57,NULL,Espumosos,D.O.-Champagne
Quesos,Belgica,Textura-del-queso,Vaca-Semicurado,Belgica,2.97,Vaca,Porcion-(250-g),60,9.98,90090011,34-Rue-de-Raspail---Brussels--Belgium,NULL,102,Cooperative-de-Produits-Laitiers,017WY,NULL,Wynendale,Vaca-Semicurado,Flosary,Global,Jean-Francois-Duval,102,NULL,7.01,Tipo-de-leche,Quesos,Vaca
Vinos,Francia,NULL,D.O.-Bourgogne-Blanco,Francia,9.74,D.O.-Bourgogne,Botella,30,23.74,78929928,52-Rue-Gay-Lussac--35003-Lyon--France,NULL,314,Domaine-Bourgogne,269CC,NULL,Chablis-Chardonnay-97,D.O.-Bourgogne-Blanco,Duc-Puy-Arnatel,Global,Philippe-Clemenceau,314,NULL,14.0,NULL,Vinos,D.O.-Bourgogne
Vinos,Estados-Unidos,NULL,D.O.-Napa-Blanco,Estados-Unidos,10.71,D.O.-Napa,Botella,30,24.3,8876445,1301-NE-4th-Ave -Boca-Raton--FL-33030--USA,NULL,321,The-Company-of-West-Vineyards,213CS,NULL,Cabernet-Sauvignon-98,D.O.-Napa-Blanco,West-Vineyards,Global,Ricky-Castro,321,NULL,13.59,NULL,Vinos,D.O.-Napa
Vinos,Espana,NULL,D.O.-Rioja-Tinto,Espana,9.75,D.O.-Rioja,Botella,60,25.75,969048832,Albacete--1--Valencia---Espana,NULL,301,Bodegas-Hermanos-Alvarez,137TR,NULL,Tinto-Reserva-96,D.O.-Rioja-Tinto,Conde-Duque-Alvarez,Global,Pilar-Espuna,301,NULL,16.0,NULL,Vinos,D.O.-Rioja
Vinos,Francia,NULL,D.O.-Bourgogne-Blanco,Francia,5.13,D.O.-Bourgogne,Botella,30,11.21,78929928,52-Rue-Gay-Lussac--35003-Lyon--France,NULL,314,Domaine-Bourgogne,270CC,NULL,Chablis-Chardonnay-98,D.O.-Bourgogne-Blanco,Duc-Puy-Arnatel,Global,Philippe-Clemenceau,314,NULL,6.08,NULL,Vinos,D.O.-Bourgogne
Quesos,Francia,Textura-del-queso,Vaca-Pasta-veteada,Francia,2.44,Vaca,Porcion-(250-g),90,7.84,56341390,15-Boulevard-Bonne-Nouvelle---76003-Paris--France,NULL,104,Compagnie-du-Fromage,036RB,NULL,RocheBaron-Creamy-Blue,Vaca-Pasta-veteada,Le-Baron-du-Lait,Global,Jacques-Decruel,104,NULL,5.4,Tipo-de-leche,Quesos,Vaca
Licores,Espana,NULL,Ron,Espana,4.87,Licores,Botella,30,11.2,937665421,C/-Palencia-122-08024-Barcelona--Espana,NULL,308,Bodegas-Ferrer,327RM,NULL,Ron-miel,Ron,La-Pampera,Global,Montserrat-Vila,308,NULL,6.33,NULL,Licores,Licores
Vinos,Espana,NULL,D.O.-Rioja-Tinto,Espana,3.55,D.O.-Rioja,Botella,30,7.57,932129865,V.-Favencia-2-08024-Barcelona-Espana,NULL,306,Bodegas-San-Gervasio,172TC,NULL,Tinto-Crianza-96,D.O.-Rioja-Tinto,El-Senorio,Global,Xavier-Gonzalez,306,NULL,4.02,NULL,Vinos,D.O.-Rioja
Vinos,Espana,NULL,D.O.-Ribera-del-Duero-Tinto,Espana,4.95,D.O.-Ribera-del-Duero,Botella,90,11.27,915629065,Serrano--456--Madrid-28011--Espana,NULL,304,Bebidas-Seleccion,237TC,NULL,Tinto-Crianza-96/97,D.O.-Ribera-del-Duero-Tinto,Conde-Duque-Montaraz,Global,Inigo-Elizalde,304,NULL,6.32,NULL,Vinos,D.O.-Ribera-del-Duero
Vinos,Espana,NULL,D.O.-Penedes-Blanco,Espana,5.06,D.O.-Penedes,Botella,30,12.9,933450011,C/-Paris-161-08023-Barcelona--Espana,NULL,305,Cooperativa-del-Penedes,178CH,NULL,Chardonnay-97,D.O.-Penedes-Blanco,Vina-Seleccion,Global,Jordi-Comte,305,NULL,7.84,NULL,Vinos,D.O.-Penedes
Quesos,Italia,Textura-del-queso,Oveja-Pasta-blanda,Italia,1.82,Oveja,Porcion-(250-g),90,6.23,7893467,SS-503-Km.-23--Fraz.-Rossoio-20---50042-Italia,NULL,106,Cooperativa-Agricola-il-Poggiolo,052BR,NULL,Brinata,Oveja-Pasta-blanda,Spareto,Global,Andrea-Cavaglieri,106,NULL,4.41,Tipo-de-leche,Quesos,Oveja
Espumosos,Francia,NULL,D.O.-Champagne-Brut,Francia,11.14,D.O.-Champagne,Botella,90,24.0,88902682,3-Avenue-Georges---25003-Lyon--France,NULL,313,Chateau-d'Or,279BS,NULL,Brut-Extra-Selection,D.O.-Champagne-Brut,Chateau-d'Or,Global,Julie-Deschamps,313,NULL,12.86,NULL,Espumosos,D.O.-Champagne
Quesos,Holanda,Textura-del-queso,Vaca-Anejo,Holanda,2.24,Vaca,Porcion-(250-g),60,6.84,45562389,Leidsekade-97-1017-PN-Amsterdam--Holland,NULL,105,The-Holland-House,041EG,NULL,Extra-Aged-Gouda,Vaca-Anejo,Wenhlegod-Aged,Global,Mark-Vanderlok,105,NULL,4.6,Tipo-de-leche,Quesos,Vaca
Vinos,Espana,NULL,D.O.-Ribera-del-Duero-Tinto,Espana,3.64,D.O.-Ribera-del-Duero,Botella,90,7.87,915629065,Serrano--456--Madrid-28011--Espana,NULL,304,Bebidas-Seleccion,242TC,NULL,Tinto-Crianza-96,D.O.-Ribera-del-Duero-Tinto,Conde-Duque-Montaraz,Global,Inigo-Elizalde,304,NULL,4.23,NULL,Vinos,D.O.-Ribera-del-Duero
Vinos,Australia,NULL,D.O.-Hunter-Valley-Blanco,Australia,11.92,D.O.-Hunter-Valley,Botella,30,29.95,3346678,34-Coupar-Av---Sydney-NSW-Australia,NULL,328,Atlas-Vineyard,305CH,NULL,Chardonnay-97,D.O.-Hunter-Valley-Blanco,Atlas-Vineyard,Global,Donald-Foley,328,NULL,18.03,NULL,Vinos,D.O.-Hunter-Valley
Vinos,Chile,NULL,Mendoza-Blanco,Chile,4.28,Mendoza,Botella,15,9.95,6657888,Salud--21-Santiago-45901-Chile,NULL,329,Compania-del-Valle-Montemar,306CS,NULL,Cabernet-Sauvignon-98,Mendoza-Blanco,Casa-Julia-Montemar,Global,Gregorio-Sullivan,329,NULL,5.67,NULL,Vinos,Mendoza
Espumosos,Francia,NULL,D.O.-Champagne-Brut,Francia,11.58,D.O.-Champagne,Botella,90,28.0,88902682,3-Avenue-Georges---25003-Lyon--France,NULL,313,Chateau-d'Or,282BC,NULL,Blanc-de-Blancs-Premier-Cru,D.O.-Champagne-Brut,Blanc-Chateau,Global,Julie-Deschamps,313,NULL,16.42,NULL,Espumosos,D.O.-Champagne
Quesos,Suiza,Textura-del-queso,Vaca-Semicurado,Suiza,2.34,Vaca,Porcion-(250-g),60,8.1,29000112,Hoheweg-211-CH-3800-Interlaken-Switzerland,NULL,111,Produits-Naturels-de-Suisse,086AP,NULL,Appenzeller,Vaca-Semicurado,Farm-Appellz,Global,Marcus-Di-Miele,111,NULL,5.76,Tipo-de-leche,Quesos,Vaca
Vinos,Estados-Unidos,NULL,D.O.-Napa-Blanco,Estados-Unidos,9.16,D.O.-Napa,Botella,30,24.4,5558779,2732-SW-137th-Ave -Davie--OR-8302--USA,NULL,319,Napa-Old-Vine-Cellars,202CH,NULL,Chardonnay-97,D.O.-Napa-Blanco,Old-Vine-Cellars,Global,Mary-Ann-Smith,319,NULL,15.24,NULL,Vinos,D.O.-Napa
Vinos,Francia,NULL,D.O.-Bordeaux-Tinto,Francia,7.3,D.O.-Bordeaux,Botella,30,18.0,29945732,55-Rue-de-la-Pompe---95003-Bordeaux--France,NULL,315,Domaine-Bourdeaux,259CF,NULL,Cabernet-Franc-97,D.O.-Bordeaux-Tinto,Chateau-Haut-Loupiac,Global,Michel-Lemaire,315,NULL,10.7,NULL,Vinos,D.O.-Bordeaux
Quesos,Italia,Textura-del-queso,Mixto-Tierno,Italia,3.23,Mixto,Porcion-(250-g),90,10.23,7893467,SS-503-Km.-23--Fraz.-Rossoio-20---50042-Italia,NULL,106,Cooperativa-Agricola-il-Poggiolo,049BO,NULL,Boschetto,Mixto-Tierno,Divino,Global,Andrea-Cavaglieri,106,NULL,7.0,Tipo-de-leche,Quesos,Mixto
Espumosos,Espana,NULL,D.O.-Cava-Extra-Brut,Espana,4.25,D.O.-Cava,Botella,30,10.2,937665421,C/-Palencia-122-08024-Barcelona--Espana,NULL,308,Bodegas-Ferrer,331BI,NULL,Brut-Imperial,D.O.-Cava-Extra-Brut,Salteriu,Global,Montserrat-Vila,308,NULL,5.95,NULL,Espumosos,D.O.-Cava
Vinos,Alemania,NULL,D.O.-Pfalz-Blanco,Alemania,6.51,D.O.-Pfalz,Botella,30,13.4,99876433,Am-Moosfeld-95--Berlin--Germany,NULL,324,Kees-Wineyards,253RS,NULL,Riesling-Spatlese-98,D.O.-Pfalz-Blanco,Graf-Von-Schulck,Global,Andrew-Schnell,324,NULL,6.89,NULL,Vinos,D.O.-Pfalz
Vinos,Australia,NULL,D.O.-Barossa-Valley-Rosado,Australia,6.8,D.O.-Barossa-Valley,Botella,30,15.0,9887556,97-Food-Street--Maryland-NSW-2234-Australia,NULL,325,Australian-Cellars-Company,293YG,NULL,Yalumba-Grenache-97,D.O.-Barossa-Valley-Rosado,Australian-Cellars,Global,Benjamin-Lynn,325,NULL,8.2,NULL,Vinos,D.O.-Barossa-Valley
Postres,Espana,NULL,Dulces-de-Navidad,Espana,3.22,Pasteleria,Caja,60,9.9,959047888,Goya--3-Bilbao---Espana,NULL,202,Cooperativa-de-Reposteria-Tradicional,112PE,NULL,Polvorones-de-Estepa,Dulces-de-Navidad,San-Rafael,Global,Begona-Iribarren,202,NULL,6.68,NULL,Postres,Pasteleria
Quesos,Francia,Textura-del-queso,Vaca-Semicurado,Francia,1.66,Vaca,Porcion-(250-g),90,4.98,56341390,15-Boulevard-Bonne-Nouvelle---76003-Paris--France,NULL,104,Compagnie-du-Fromage,031MO,NULL,Morbier,Vaca-Semicurado,Le-Morfont,Global,Jacques-Decruel,104,NULL,3.32,Tipo-de-leche,Quesos,Vaca
Espumosos,Espana,NULL,D.O.-Cava-Extra-Brut,Espana,15.04,D.O.-Cava,Botella,30,30.97,937665421,C/-Palencia-122-08024-Barcelona--Espana,NULL,308,Bodegas-Ferrer,325GR,NULL,Gran-Reserva-94,D.O.-Cava-Extra-Brut,Santa-Eulalia,Global,Montserrat-Vila,308,NULL,15.93,NULL,Espumosos,D.O.-Cava
Vinos,Espana,NULL,D.O.-Rioja-Tinto,Espana,13.05,D.O.-Rioja,Botella,90,27.63,912349856,Av.-Recinto-Ferial-Juan-Carlos-I--Madrid-28010--Espana,NULL,302,Cooperativa-del-Alto-Rioja,142TG,NULL,Tinto-Gran-Reserva-82,D.O.-Rioja-Tinto,Marques-de-Albinana,Global,Paloma-Martinez,302,NULL,14.58,NULL,Vinos,D.O.-Rioja
Vinos,Espana,NULL,D.O.-Rioja-Tinto,Espana,9.77,D.O.-Rioja,Botella,90,21.33,912349856,Av.-Recinto-Ferial-Juan-Carlos-I--Madrid-28010--Espana,NULL,302,Cooperativa-del-Alto-Rioja,147TG,NULL,Tinto-Gran-Reserva-89,D.O.-Rioja-Tinto,Marques-de-Albinana,Global,Paloma-Martinez,302,NULL,11.56,NULL,Vinos,D.O.-Rioja
Vinos,Alemania,NULL,D.O.-Pfalz-Blanco,Alemania,10.76,D.O.-Pfalz,Botella,30,21.97,99876433,Am-Moosfeld-95--Berlin--Germany,NULL,324,Kees-Wineyards,251RA,NULL,Riesling-Auslese-Classic-99,D.O.-Pfalz-Blanco,Graf-Von-Schulck,Global,Andrew-Schnell,324,NULL,11.21,NULL,Vinos,D.O.-Pfalz
Vinos,Espana,NULL,D.O.-Rioja-Tinto,Espana,6.76,D.O.-Rioja,Botella,90,14.31,915629065,Serrano--456--Madrid-28011--Espana,NULL,304,Bebidas-Seleccion,163TR,NULL,Tinto-Reserva-94,D.O.-Rioja-Tinto,Vina-Selecta,Global,Inigo-Elizalde,304,NULL,7.55,NULL,Vinos,D.O.-Rioja
Quesos,Italia,Textura-del-queso,Vaca-Pasta-blanda,Italia,1.71,Vaca,Porcion-(250-g),90,5.59,7893467,SS-503-Km.-23--Fraz.-Rossoio-20---50042-Italia,NULL,106,Cooperativa-Agricola-il-Poggiolo,066TA,NULL,Taleggio,Vaca-Pasta-blanda,Techaletti,Global,Andrea-Cavaglieri,106,NULL,3.88,Tipo-de-leche,Quesos,Vaca
Vinos,Estados-Unidos,NULL,D.O.-Napa-Rosado,Estados-Unidos,10.93,D.O.-Napa,Botella,90,22.5,5559806,222-NE-67th-St -New-York-City--NY-11203--USA,NULL,320,Robert-F.-Cellars,206ZI,NULL,Zinfandel-97,D.O.-Napa-Rosado,Cuvee-Chapel,Global,Paul-Stevenson,320,NULL,11.57,NULL,Vinos,D.O.-Napa
Vinos,Espana,NULL,D.O.-Ribera-del-Duero-Tinto,Espana,6.07,D.O.-Ribera-del-Duero,Botella,90,14.31,915629065,Serrano--456--Madrid-28011--Espana,NULL,304,Bebidas-Seleccion,241TR,NULL,Tinto-Reserva-95,D.O.-Ribera-del-Duero-Tinto,Conde-Duque-Montaraz,Global,Inigo-Elizalde,304,NULL,8.24,NULL,Vinos,D.O.-Ribera-del-Duero
Postres,Canada,NULL,Pastas-de-te,Reino-Unido,1.8,Galletas,Caja,60,5.75,56982392,2-Winchester-Road--London-SW3,NULL,204,The-Biscuits-Company,126MC,NULL,Maple-Sugar-Cookies,Pastas-de-te,The-Canadian,Global,Mary-Brown,204,NULL,3.95,NULL,Postres,Galletas
Postres,Reino-Unido,NULL,Pastas-de-te,Reino-Unido,1.08,Galletas,Caja,60,3.25,56982392,2-Winchester-Road--London-SW3,NULL,204,The-Biscuits-Company,128CC,NULL,Custard-Creams,Pastas-de-te,Factory-Cream,Global,Mary-Brown,204,NULL,2.17,NULL,Postres,Galletas
Vinos,Espana,NULL,D.O.-Rioja-Tinto,Espana,4.61,D.O.-Rioja,Botella,30,10.3,932129865,V.-Favencia-2-08024-Barcelona-Espana,NULL,306,Bodegas-San-Gervasio,160TR,NULL,Tinto-Reserva-95,D.O.-Rioja-Tinto,Condado-del-Senorio,Global,Xavier-Gonzalez,306,NULL,5.69,NULL,Vinos,D.O.-Rioja
Vinos,Estados-Unidos,NULL,D.O.-Napa-Blanco,Estados-Unidos,10.2,D.O.-Napa,Botella,30,21.25,5558779,2732-SW-137th-Ave -Davie--OR-8302--USA,NULL,319,Napa-Old-Vine-Cellars,198ZI,NULL,Zinfandel-98,D.O.-Napa-Blanco,Old-Vine-Cellars,Global,Mary-Ann-Smith,319,NULL,11.05,NULL,Vinos,D.O.-Napa
Quesos,Italia,Textura-del-queso,Vaca-Anejo,Italia,2.08,Vaca,Porcion-(250-g),90,6.23,7893467,SS-503-Km.-23--Fraz.-Rossoio-20---50042-Italia,NULL,106,Cooperativa-Agricola-il-Poggiolo,060PR,NULL,Parmigiano-Reggiano,Vaca-Anejo,Reggiola,Global,Andrea-Cavaglieri,106,NULL,4.15,Tipo-de-leche,Quesos,Vaca
Quesos,Alemania,Textura-del-queso,Vaca-Pasta-veteada,Alemania,1.39,Vaca,Porcion-(250-g),90,4.25,56723411,Maximilianstrasse-69--Frankfurt--Germany,NULL,114,Bavarese-Inc.,101BB,NULL,Paladin-Bavarian-Blue,Vaca-Pasta-veteada,Bavaresse,Local,Regina-Behrens,114,NULL,2.86,Tipo-de-leche,Quesos,Vaca
Vinos,Estados-Unidos,NULL,D.O.-Napa-Blanco,Estados-Unidos,10.31,D.O.-Napa,Botella,30,24.25,5558779,2732-SW-137th-Ave -Davie--OR-8302--USA,NULL,319,Napa-Old-Vine-Cellars,200ZI,NULL,Zinfandel-96,D.O.-Napa-Blanco,Old-Vine-Cellars,Global,Mary-Ann-Smith,319,NULL,13.94,NULL,Vinos,D.O.-Napa
Quesos,Italia,Textura-del-queso,Vaca-Tierno,Italia,1.71,Vaca,Porcion-(250-g),90,5.59,7893467,SS-503-Km.-23--Fraz.-Rossoio-20---50042-Italia,NULL,106,Cooperativa-Agricola-il-Poggiolo,064RA,NULL,Raschera,Vaca-Tierno,Rascoti,Global,Andrea-Cavaglieri,106,NULL,3.88,Tipo-de-leche,Quesos,Vaca
Quesos,Francia,Textura-del-queso,Vaca-Pasta-blanda,Francia,2.61,Vaca,Porcion-(250-g),90,7.9,56341390,15-Boulevard-Bonne-Nouvelle---76003-Paris--France,NULL,104,Compagnie-du-Fromage,033PE,NULL,Pont-L'Eveque,Vaca-Pasta-blanda,Le-Pont-Equisite,Global,Jacques-Decruel,104,NULL,5.29,Tipo-de-leche,Quesos,Vaca
Quesos,Italia,Textura-del-queso,Vaca-Fresco,Italia,1.11,Vaca,Porcion-(250-g),90,3.55,7893467,SS-503-Km.-23--Fraz.-Rossoio-20---50042-Italia,NULL,106,Cooperativa-Agricola-il-Poggiolo,058MA,NULL,Mascarpone,Vaca-Fresco,Casa-Angelo,Global,Andrea-Cavaglieri,106,NULL,2.44,Tipo-de-leche,Quesos,Vaca
Quesos,Reino-Unido,Textura-del-queso,Vaca-Curado,Reino-Unido,1.39,Vaca,Porcion-(250-g),60,4.69,76589900,122-Brackenbury-Rd.-London-SW3,NULL,101,The-Farmhouse-Company,001CH,NULL,Chesire,Vaca-Curado,Smith-Farmer,Global,Richard-Addams,101,NULL,3.3,Tipo-de-leche,Quesos,Vaca
Quesos,Suecia,Textura-del-queso,Vaca-Semicurado,Suecia,1.13,Vaca,Porcion-(250-g),90,3.43,23490900,MariaGrand-357-Slussen-Stockholm-Sweden,NULL,110,Olofberg-Cheese-Association,070SO,NULL,St.-Olof,Vaca-Semicurado,Olofberg,Global,Jean-Anderlind,110,NULL,2.3,Tipo-de-leche,Quesos,Vaca
Vinos,Francia,NULL,D.O.-Bordeaux-Tinto,Francia,4.52,D.O.-Bordeaux,Botella,30,11.0,29945732,55-Rue-de-la-Pompe---95003-Bordeaux--France,NULL,315,Domaine-Bourdeaux,257BR,NULL,Bordeaux-Rouge-97,D.O.-Bordeaux-Tinto,Chateau-Duc-Versalle,Global,Michel-Lemaire,315,NULL,6.48,NULL,Vinos,D.O.-Bordeaux
Postres,Francia,NULL,Tartas,Francia,1.91,Pasteleria,Unidad,60,5.95,76760987,119-Rue-Volney---75498-Paris--France,NULL,203,Heritiers-La-Mere-Marie,124TT,NULL,Tarte-Tatin,Tartas,La-Mere-Marie,Global,Catherine-Gaulle,203,NULL,4.04,NULL,Postres,Pasteleria
Postres,Reino-Unido,NULL,Galletas-de-mantequilla,Reino-Unido,1.02,Galletas,Caja,60,3.5,56982392,2-Winchester-Road--London-SW3,NULL,204,The-Biscuits-Company,130SH,NULL,Shortcake,Galletas-de-mantequilla,Factory-Butter,Global,Mary-Brown,204,NULL,2.48,NULL,Postres,Galletas
Vinos,Australia,NULL,D.O.-Barossa-Valley-Rosado,Australia,6.52,D.O.-Barossa-Valley,Botella,30,15.0,9887556,97-Food-Street--Maryland-NSW-2234-Australia,NULL,325,Australian-Cellars-Company,294SH,NULL,Shiraz-97,D.O.-Barossa-Valley-Rosado,Australian-Cellars,Global,Benjamin-Lynn,325,NULL,8.48,NULL,Vinos,D.O.-Barossa-Valley
Quesos,Estados-Unidos,Textura-del-queso,Cabra-Semicurado,Estados-Unidos,3.8,Cabra,Porcion-(250-g),90,12.08,4569000,122Griffin-Rd -Fort-Lauderdale--FL-33041--USA,NULL,112,Old-Farm-Inc.,091HF,NULL,Humboldt-Fog,Cabra-Semicurado,The-Old-Farm-Goat,Global,James-Sand,112,NULL,8.28,Tipo-de-leche,Quesos,Cabra
Quesos,Reino-Unido,Textura-del-queso,Vaca-Semicurado,Reino-Unido,1.66,Vaca,Porcion-(250-g),60,5.59,76589900,122-Brackenbury-Rd.-London-SW3,NULL,101,The-Farmhouse-Company,003CL,NULL,Crumbly-Lancanshire,Vaca-Semicurado,The-Farmhouse,Global,Richard-Addams,101,NULL,3.93,Tipo-de-leche,Quesos,Vaca
Quesos,Irlanda,Textura-del-queso,Vaca-Semicurado,Irlanda,1.93,Vaca,Porcion-(250-g),60,6.23,5678923,23-Commerce-Street--Dublin--Ireland,NULL,113,The-Irish-Cheese-Company,098IC,NULL,Irish-Carrigaline,Vaca-Semicurado,Irche,Global,Patrick-McCain,113,NULL,4.3,Tipo-de-leche,Quesos,Vaca
Quesos,Suiza,Textura-del-queso,Vaca-Anejo,Suiza,3.1,Vaca,Porcion-(250-g),60,9.35,29000112,Hoheweg-211-CH-3800-Interlaken-Switzerland,NULL,111,Produits-Naturels-de-Suisse,090VI,NULL,Vignerons,Vaca-Anejo,Frognerons,Global,Marcus-Di-Miele,111,NULL,6.25,Tipo-de-leche,Quesos,Vaca
Vinos,Estados-Unidos,NULL,D.O.-Napa-Blanco,Estados-Unidos,16.85,D.O.-Napa,Botella,30,44.5,6707789,6242-E-Oakland-Park-Blvd -Sunrise--IL-93031-USA,NULL,322,West-Cellars-Company,232CR,NULL,Chardonnay-Reserve-97,D.O.-Napa-Blanco,Golden-Valley,Global,Martin-Bates,322,NULL,27.65,NULL,Vinos,D.O.-Napa
Vinos,Francia,NULL,D.O.-Bourgogne-Tinto,Francia,4.2,D.O.-Bourgogne,Botella,30,8.99,78929928,52-Rue-Gay-Lussac--35003-Lyon--France,NULL,314,Domaine-Bourgogne,266BP,NULL,Bourgogne-Pinot-Noir-98,D.O.-Bourgogne-Tinto,Chateau-des-Duc,Global,Philippe-Clemenceau,314,NULL,4.79,NULL,Vinos,D.O.-Bourgogne
Vinos,Alemania,NULL,D.O.-Pfalz-Blanco,Alemania,6.04,D.O.-Pfalz,Botella,30,12.77,99876433,Am-Moosfeld-95--Berlin--Germany,NULL,324,Kees-Wineyards,250RS,NULL,Riesling-Spatlese-99,D.O.-Pfalz-Blanco,Graf-Von-Schulck,Global,Andrew-Schnell,324,NULL,6.73,NULL,Vinos,D.O.-Pfalz
Quesos,Irlanda,Textura-del-queso,Vaca-Tierno,Irlanda,1.59,Vaca,Porcion-(250-g),60,4.98,5678923,23-Commerce-Street--Dublin--Ireland,NULL,113,The-Irish-Cheese-Company,097CB,NULL,Cow's-Irish-Boile,Vaca-Tierno,The-Irish-Cow,Global,Patrick-McCain,113,NULL,3.39,Tipo-de-leche,Quesos,Vaca
Postres,Espana,NULL,Dulces-de-Navidad,Espana,1.41,Pasteleria,Caja,60,4.75,959047888,Goya--3-Bilbao---Espana,NULL,202,Cooperativa-de-Reposteria-Tradicional,110AR,NULL,Almendras-rellenas,Dulces-de-Navidad,La-Tradicion,Global,Begona-Iribarren,202,NULL,3.34,NULL,Postres,Pasteleria
Postres,Espana,NULL,Bolleria,Espana,1.43,Pasteleria,Caja,60,4.5,959047888,Goya--3-Bilbao---Espana,NULL,202,Cooperativa-de-Reposteria-Tradicional,116QP,NULL,Quesada-Pasiega,Bolleria,La-Estepa,Global,Begona-Iribarren,202,NULL,3.07,NULL,Postres,Pasteleria
Vinos,Espana,NULL,D.O.-Penedes-Tinto,Espana,6.86,D.O.-Penedes,Botella,30,17.9,933450011,C/-Paris-161-08023-Barcelona--Espana,NULL,305,Cooperativa-del-Penedes,174CS,NULL,Cabernet-Sauvignon-Gran-Reserva-Esp.-79,D.O.-Penedes-Tinto,Bodegas-Don-Emilio,Global,Jordi-Comte,305,NULL,11.04,NULL,Vinos,D.O.-Penedes
Licores,Francia,NULL,D.O.-Cognac,Francia,30.36,Licores,Botella,90,60.75,23238989,123-Boulevard-Raspail---75003-Poissy--France,NULL,311,Domaine-Imperiale,340CO,NULL,Cognac,D.O.-Cognac,L'Eveque,Global,Marie-Bontemps,311,NULL,30.39,NULL,Licores,Licores
Postres,Italia,NULL,Tartas,Italia,2.54,Pasteleria,Unidad,90,8.25,3457632,Via-Fabio-Filzi-25-A-Milano--Italia,NULL,201,Casale-di-la-Mama,122TI,NULL,Tiramisu,Tartas,Casale-di-la-Mamma,Global,Fabrizio-Baciucconi,201,NULL,5.71,NULL,Postres,Pasteleria
Quesos,Suiza,Textura-del-queso,Vaca-Semicurado,Suiza,1.1,Vaca,Porcion-(250-g),60,3.73,29000112,Hoheweg-211-CH-3800-Interlaken-Switzerland,NULL,111,Produits-Naturels-de-Suisse,087SE,NULL,Swiss-Emmental,Vaca-Semicurado,Emmeswiss,Global,Marcus-Di-Miele,111,NULL,2.63,Tipo-de-leche,Quesos,Vaca
Vinos,Estados-Unidos,NULL,D.O.-Napa-Blanco,Estados-Unidos,21.67,D.O.-Napa,Botella,30,46.5,6707789,6242-E-Oakland-Park-Blvd -Sunrise--IL-93031-USA,NULL,322,West-Cellars-Company,234CH,NULL,Chardonnay-95,D.O.-Napa-Blanco,Golden-Valley,Global,Martin-Bates,322,NULL,24.83,NULL,Vinos,D.O.-Napa
Vinos,Espana,NULL,D.O.-Rioja-Tinto,Espana,4.32,D.O.-Rioja,Botella,90,9.4,912349856,Av.-Recinto-Ferial-Juan-Carlos-I--Madrid-28010--Espana,NULL,302,Cooperativa-del-Alto-Rioja,166TR,NULL,Tinto-Reserva-94,D.O.-Rioja-Tinto,Conde-de-Salvatierra,Global,Paloma-Martinez,302,NULL,5.08,NULL,Vinos,D.O.-Rioja
Quesos,Italia,Textura-del-queso,Vaca-Curado,Italia,2.01,Vaca,Porcion-(250-g),90,6.23,7893467,SS-503-Km.-23--Fraz.-Rossoio-20---50042-Italia,NULL,106,Cooperativa-Agricola-il-Poggiolo,050BR,NULL,Bra,Vaca-Curado,Latteco,Global,Andrea-Cavaglieri,106,NULL,4.22,Tipo-de-leche,Quesos,Vaca
Licores,Espana,NULL,Licores,Espana,3.63,Licores,Botella,30,7.5,939232323,C/-Concilio-de-Trento-111-08024-Barcelona--Espana,NULL,310,Cia.-De-Licores--S.A.,316MO,NULL,Moscatel,Licores,Casa-Saez,Global,Carles-Vilaseca,310,NULL,3.87,NULL,Licores,Licores
Espumosos,Espana,NULL,D.O.-Cava-Extra-Brut,Espana,3.1,D.O.-Cava,Botella,30,6.2,937665421,C/-Palencia-122-08024-Barcelona--Espana,NULL,308,Bodegas-Ferrer,329EB,NULL,Extra-Brut,D.O.-Cava-Extra-Brut,Bodegas-Ferrer,Global,Montserrat-Vila,308,NULL,3.1,NULL,Espumosos,D.O.-Cava
Quesos,Suiza,Textura-del-queso,Vaca-Semicurado,Suiza,1.58,Vaca,Porcion-(250-g),60,4.98,29000112,Hoheweg-211-CH-3800-Interlaken-Switzerland,NULL,111,Produits-Naturels-de-Suisse,088SG,NULL,Swiss-Gruyere,Vaca-Semicurado,Goldener,Global,Marcus-Di-Miele,111,NULL,3.4,Tipo-de-leche,Quesos,Vaca
Vinos,Estados-Unidos,NULL,D.O.-Napa-Blanco,Estados-Unidos,13.27,D.O.-Napa,Botella,30,31.0,8876445,1301-NE-4th-Ave -Boca-Raton--FL-33030--USA,NULL,321,The-Company-of-West-Vineyards,217CH,NULL,Chardonnay-98,D.O.-Napa-Blanco,West-Vineyards,Global,Ricky-Castro,321,NULL,17.73,NULL,Vinos,D.O.-Napa
Vinos,Australia,NULL,D.O.-Coonawarra-Tinto,Australia,7.49,D.O.-Coonawarra,Botella,30,19.95,5568990,12-American-Dr--St-Pauls-NSW-2111-Australia,NULL,327,Francis-Jr.-Cellars,299CS,NULL,Cabernet-Sauvignon-Shiraz-98,D.O.-Coonawarra-Tinto,Francis-Jr.Cellars,Global,Greg-Foster,327,NULL,12.46,NULL,Vinos,D.O.-Coonawarra
Quesos,Irlanda,Textura-del-queso,Cabra-Tierno,Irlanda,1.79,Cabra,Porcion-(250-g),60,6.23,5678923,23-Commerce-Street--Dublin--Ireland,NULL,113,The-Irish-Cheese-Company,096GB,NULL,Goat's-Irish-Boile,Cabra-Tierno,The-Irish-Goat,Global,Patrick-McCain,113,NULL,4.44,Tipo-de-leche,Quesos,Cabra
Vinos,Espana,NULL,D.O.-Ribera-del-Duero-Tinto,Espana,20.14,D.O.-Ribera-del-Duero,Botella,90,42.21,915629065,Serrano--456--Madrid-28011--Espana,NULL,304,Bebidas-Seleccion,245TG,NULL,Tinto-Gran-Reserva-92/94,D.O.-Ribera-del-Duero-Tinto,Bodegas-Hnos.-Soldeoro,Global,Inigo-Elizalde,304,NULL,22.07,NULL,Vinos,D.O.-Ribera-del-Duero
Vinos,Francia,NULL,D.O.-Bordeaux-Tinto,Francia,7.19,D.O.-Bordeaux,Botella,30,18.0,29945732,55-Rue-de-la-Pompe---95003-Bordeaux--France,NULL,315,Domaine-Bourdeaux,258CS,NULL,Cabernet-Sauvignon-97,D.O.-Bordeaux-Tinto,Chateau-Haut-Loupiac,Global,Michel-Lemaire,315,NULL,10.81,NULL,Vinos,D.O.-Bordeaux
Vinos,Australia,NULL,D.O.-Hunter-Valley-Rosado,Australia,6.34,D.O.-Hunter-Valley,Botella,30,16.0,3346678,34-Coupar-Av---Sydney-NSW-Australia,NULL,328,Atlas-Vineyard,303SE,NULL,Semillon-99,D.O.-Hunter-Valley-Rosado,Atlas-Vineyard,Global,Donald-Foley,328,NULL,9.66,NULL,Vinos,D.O.-Hunter-Valley
Licores,Reino-Unido,NULL,Whisky,Reino-Unido,42.92,Licores,Botella,90,102.4,7794527,456-Broadgate-Circle-(Liverpool-St.)--London-SW4,NULL,317,English-Long-Drink-Company,322SW,NULL,Scotch-Whiskey-21-anos,Whisky,Glendale,Global,Charles-Spencer,317,NULL,59.48,NULL,Licores,Licores
Quesos,Holanda,Textura-del-queso,Vaca-Semicurado,Holanda,0.92,Vaca,Porcion-(250-g),60,3.1,45562389,Leidsekade-97-1017-PN-Amsterdam--Holland,NULL,105,The-Holland-House,047SG,NULL,Smoked-Gouda,Vaca-Semicurado,Reblagou,Global,Mark-Vanderlok,105,NULL,2.18,Tipo-de-leche,Quesos,Vaca
Vinos,Alemania,NULL,D.O.-Pfalz-Blanco,Alemania,8.13,D.O.-Pfalz,Botella,30,20.64,99876433,Am-Moosfeld-95--Berlin--Germany,NULL,324,Kees-Wineyards,252RA,NULL,Riesling-Auslese-98,D.O.-Pfalz-Blanco,Graf-Von-Schulck,Global,Andrew-Schnell,324,NULL,12.51,NULL,Vinos,D.O.-Pfalz
Quesos,Espana,Textura-del-queso,Mixto-Tierno,Espana,1.57,Mixto,Porcion-(250-g),60,4.98,915566778,Biarritz--45--Madrid-28010--Espana,NULL,107,Cooperativa-del-Queso-del-Norte,085TR,NULL,Tronchon,Mixto-Tierno,El-Manico,Global,Maria-Gutierrez,107,NULL,3.41,Tipo-de-leche,Quesos,Mixto
Vinos,Espana,NULL,D.O.-Rioja-Tinto,Espana,6.3,D.O.-Rioja,Botella,90,14.16,912349643,Pza.-de-Las-Cortes--7--Madrid-28011--Espana,NULL,303,Bodegas-Herederos-de-Don-Emilio,153TR,NULL,Tinto-Reserva-95,D.O.-Rioja-Tinto,Ribera-de-Afluente,Global,Jaime-Serra,303,NULL,7.86,NULL,Vinos,D.O.-Rioja
Quesos,Francia,Textura-del-queso,Vaca-Pasta-blanda,Francia,1.44,Vaca,Porcion-(250-g),90,4.38,56341390,15-Boulevard-Bonne-Nouvelle---76003-Paris--France,NULL,104,Compagnie-du-Fromage,028FB,NULL,French-Brie,Vaca-Pasta-blanda,Vachebrie,Global,Jacques-Decruel,104,NULL,2.94,Tipo-de-leche,Quesos,Vaca
Vinos,Estados-Unidos,NULL,D.O.-Napa-Blanco,Estados-Unidos,11.43,D.O.-Napa,Botella,90,25.3,5559806,222-NE-67th-St -New-York-City--NY-11203--USA,NULL,320,Robert-F.-Cellars,205CS,NULL,Cabernet-Sauvignon-97,D.O.-Napa-Blanco,Robert-F.-Cellars,Global,Paul-Stevenson,320,NULL,13.87,NULL,Vinos,D.O.-Napa
Vinos,Espana,NULL,D.O.-Rioja-Tinto,Espana,12.57,D.O.-Rioja,Botella,90,29.81,915629065,Serrano--456--Madrid-28011--Espana,NULL,304,Bebidas-Seleccion,152TR,NULL,Tinto-Reserva-95,D.O.-Rioja-Tinto,Vina-Selecta,Global,Inigo-Elizalde,304,NULL,17.24,NULL,Vinos,D.O.-Rioja
Vinos,Espana,NULL,D.O.-Rioja-Tinto,Espana,3.81,D.O.-Rioja,Botella,90,7.99,912349643,Pza.-de-Las-Cortes--7--Madrid-28011--Espana,NULL,303,Bodegas-Herederos-de-Don-Emilio,162TR,NULL,Tinto-Reserva-93,D.O.-Rioja-Tinto,Rodriguez-del-Duero,Global,Jaime-Serra,303,NULL,4.18,NULL,Vinos,D.O.-Rioja
Quesos,Francia,Textura-del-queso,Oveja-Curado,Francia,3.58,Oveja,Porcion-(250-g),60,12.48,79034678,96-Rue-Vauvilliers ---75003-Paris--France,NULL,103,Compagnie-Laitier,027FM,NULL,Fleur-de-Marquis,Oveja-Curado,Le-Marquis,Global,Florence-Deveroix,103,NULL,8.9,Tipo-de-leche,Quesos,Oveja
Vinos,Alemania,NULL,D.O.-Mosel-Saar-Ruwer-Blanco,Alemania,5.08,D.O.-Mosel-Saar-Ruwer,Botella,30,10.52,98677778,Kohlstrasse-900--Munchen--Germany,NULL,323,Ernst-Kuster-Wine-Company,254RS,NULL,Riesling-Spatlese-98,D.O.-Mosel-Saar-Ruwer-Blanco,Ernst-Kunstler,Global,Bettina-Rassmann,323,NULL,5.44,NULL,Vinos,D.O.-Mosel-Saar-Ruwer
Vinos,Espana,NULL,D.O.-Rioja-Tinto,Espana,6.12,D.O.-Rioja,Botella,90,16.28,912349856,Av.-Recinto-Ferial-Juan-Carlos-I--Madrid-28010--Espana,NULL,302,Cooperativa-del-Alto-Rioja,148TG,NULL,Tinto-Gran-Reserva-89,D.O.-Rioja-Tinto,Marques-de-Albinana,Global,Paloma-Martinez,302,NULL,10.16,NULL,Vinos,D.O.-Rioja
Quesos,Reino-Unido,Textura-del-queso,Vaca-Tierno,Reino-Unido,2.41,Vaca,Porcion-(250-g),60,7.48,76589900,122-Brackenbury-Rd.-London-SW3,NULL,101,The-Farmhouse-Company,010WS,NULL,White-Stilton,Vaca-Tierno,Blue-Cow,Global,Richard-Addams,101,NULL,5.07,Tipo-de-leche,Quesos,Vaca
Espumosos,Espana,NULL,D.O.-Cava-Extra-Seco,Espana,6.54,D.O.-Cava,Botella,30,17.1,937665421,C/-Palencia-122-08024-Barcelona--Espana,NULL,308,Bodegas-Ferrer,330RR,NULL,Reserva-Real,D.O.-Cava-Extra-Seco,Salteriu,Global,Montserrat-Vila,308,NULL,10.56,NULL,Espumosos,D.O.-Cava
Vinos,Espana,NULL,D.O.-Priorato-Tinto,Espana,6.22,D.O.-Priorato,Botella,90,13.52,915629065,Serrano--456--Madrid-28011--Espana,NULL,304,Bebidas-Seleccion,249TR,NULL,Tinto-Reserva-96,D.O.-Priorato-Tinto,El-Monasterio,Global,Inigo-Elizalde,304,NULL,7.3,NULL,Vinos,D.O.-Priorato
Vinos,Espana,NULL,D.O.-Rioja-Tinto,Espana,2.62,D.O.-Rioja,Botella,90,6.26,912349643,Pza.-de-Las-Cortes--7--Madrid-28011--Espana,NULL,303,Bodegas-Herederos-de-Don-Emilio,156TR,NULL,Tinto-Reserva-95,D.O.-Rioja-Tinto,Valselecto,Global,Jaime-Serra,303,NULL,3.64,NULL,Vinos,D.O.-Rioja
Vinos,Estados-Unidos,NULL,D.O.-Napa-Blanco,Estados-Unidos,10.69,D.O.-Napa,Botella,30,27.1,8876445,1301-NE-4th-Ave -Boca-Raton--FL-33030--USA,NULL,321,The-Company-of-West-Vineyards,211CH,NULL,Chardonnay-98,D.O.-Napa-Blanco,West-Vineyards,Global,Ricky-Castro,321,NULL,16.41,NULL,Vinos,D.O.-Napa
Vinos,Estados-Unidos,NULL,D.O.-Napa-Blanco,Estados-Unidos,10.06,D.O.-Napa,Botella,30,22.4,5558779,2732-SW-137th-Ave -Davie--OR-8302--USA,NULL,319,Napa-Old-Vine-Cellars,199GR,NULL,Grenache-96,D.O.-Napa-Blanco,Old-Vine-Cellars,Global,Mary-Ann-Smith,319,NULL,12.34,NULL,Vinos,D.O.-Napa
Postres,Espana,NULL,Dulces-de-Navidad,Espana,1.95,Pasteleria,Unidad,60,6.75,959047888,Goya--3-Bilbao---Espana,NULL,202,Cooperativa-de-Reposteria-Tradicional,114TA,NULL,Turron-de-Alicante,Dulces-de-Navidad,Saga-Antigua,Global,Begona-Iribarren,202,NULL,4.8,NULL,Postres,Pasteleria
Quesos,Espana,Textura-del-queso,Oveja-Semicurado,Espana,1.47,Oveja,Porcion-(250-g),60,4.98,914555909,Principe-de-Vergara--22--Madrid-28010--Espana,NULL,108,La-Meseta--S.A.,079MA,NULL,Manchego,Oveja-Semicurado,La-Meseta-Semi,Global,Pedro-Salvador,108,NULL,3.51,Tipo-de-leche,Quesos,Oveja
Vinos,Espana,NULL,D.O.-Penedes-Tinto,Espana,4.67,D.O.-Penedes,Botella,30,9.9,933450011,C/-Paris-161-08023-Barcelona--Espana,NULL,305,Cooperativa-del-Penedes,177TS,NULL,Tinto-Reserva-95,D.O.-Penedes-Tinto,Bodegas-Don-Emilio,Global,Jordi-Comte,305,NULL,5.23,NULL,Vinos,D.O.-Penedes
Espumosos,Espana,NULL,D.O.-Cava-Extra-Brut,Espana,3.44,D.O.-Cava,Botella,30,7.0,937665421,C/-Palencia-122-08024-Barcelona--Espana,NULL,308,Bodegas-Ferrer,333BB,NULL,Brut-de-Brut,D.O.-Cava-Extra-Brut,Santa-Eulalia,Global,Montserrat-Vila,308,NULL,3.56,NULL,Espumosos,D.O.-Cava
Vinos,Australia,NULL,D.O.-Barossa-Valley-Blanco,Australia,8.91,D.O.-Barossa-Valley,Botella,30,21.0,6544342,56-White-Road--Kariong-NSW-3422-Australia,NULL,326,Vineyards-of-Australia-Inc.,297ME,NULL,Merlot-97,D.O.-Barossa-Valley-Blanco,Vineyards-of-Australia,Global,Silvia-O'Callaghan,326,NULL,12.09,NULL,Vinos,D.O.-Barossa-Valley
Vinos,Estados-Unidos,NULL,D.O.-Napa-Tinto,Estados-Unidos,12.4,D.O.-Napa,Botella,30,27.45,8876445,1301-NE-4th-Ave -Boca-Raton--FL-33030--USA,NULL,321,The-Company-of-West-Vineyards,214ME,NULL,Merlot-97,D.O.-Napa-Tinto,West-Vineyards,Global,Ricky-Castro,321,NULL,15.05,NULL,Vinos,D.O.-Napa
Vinos,Francia,NULL,D.O.-Alsace-Tinto,Francia,6.15,D.O.-Alsace,Botella,30,12.56,78992726,10-Avenue-de-Caroline---93021-Bordeaux--France,NULL,316,Cellier-Alsace,273PN,NULL,Pinot-Noir-97,D.O.-Alsace-Tinto,Allimat-Deiss,Global,Denis-Felix,316,NULL,6.41,NULL,Vinos,D.O.-Alsace
Espumosos,Espana,NULL,D.O.-Cava-Brut,Espana,3.13,D.O.-Cava,Botella,30,7.2,937665421,C/-Palencia-122-08024-Barcelona--Espana,NULL,308,Bodegas-Ferrer,328BR,NULL,Brut-Reserva,D.O.-Cava-Brut,Bodegas-Ferrer,Global,Montserrat-Vila,308,NULL,4.07,NULL,Espumosos,D.O.-Cava
Quesos,Francia,Textura-del-queso,Oveja-Pasta-veteada,Francia,3.07,Oveja,Porcion-(250-g),90,9.59,56341390,15-Boulevard-Bonne-Nouvelle---76003-Paris--France,NULL,104,Compagnie-du-Fromage,037RO,NULL,Roquefort,Oveja-Pasta-veteada,Delicatessen,Global,Jacques-Decruel,104,NULL,6.52,Tipo-de-leche,Quesos,Oveja
Vinos,Estados-Unidos,NULL,D.O.-Napa-Blanco,Estados-Unidos,22.62,D.O.-Napa,Botella,30,47.0,6707789,6242-E-Oakland-Park-Blvd -Sunrise--IL-93031-USA,NULL,322,West-Cellars-Company,235CS,NULL,Cabernet-Sauvignon-96,D.O.-Napa-Blanco,Golden-Valley,Global,Martin-Bates,322,NULL,24.38,NULL,Vinos,D.O.-Napa
Vinos,Estados-Unidos,NULL,D.O.-Napa-Blanco,Estados-Unidos,18.09,D.O.-Napa,Botella,30,39.95,6707789,6242-E-Oakland-Park-Blvd -Sunrise--IL-93031-USA,NULL,322,West-Cellars-Company,226CR,NULL,Chardonnay-Reserve-97,D.O.-Napa-Blanco,Golden-Valley,Global,Martin-Bates,322,NULL,21.86,NULL,Vinos,D.O.-Napa
Vinos,Francia,NULL,D.O.-Alsace-Tinto,Francia,4.52,D.O.-Alsace,Botella,30,11.51,78992726,10-Avenue-de-Caroline---93021-Bordeaux--France,NULL,316,Cellier-Alsace,277GE,NULL,Gewurztraminer-93,D.O.-Alsace-Tinto,Spielmann-Vignoble,Global,Denis-Felix,316,NULL,6.99,NULL,Vinos,D.O.-Alsace
Quesos,Holanda,Textura-del-queso,Vaca-Semicurado,Holanda,1.16,Vaca,Porcion-(250-g),60,3.73,45562389,Leidsekade-97-1017-PN-Amsterdam--Holland,NULL,105,The-Holland-House,040ED,NULL,Edam,Vaca-Semicurado,Wenhlecate,Global,Mark-Vanderlok,105,NULL,2.57,Tipo-de-leche,Quesos,Vaca
Vinos,Australia,NULL,D.O.-Barossa-Valley-Blanco,Australia,6.47,D.O.-Barossa-Valley,Botella,30,16.0,6544342,56-White-Road--Kariong-NSW-3422-Australia,NULL,326,Vineyards-of-Australia-Inc.,296SW,NULL,Semillon-Wood-Matured-94,D.O.-Barossa-Valley-Blanco,Vineyards-of-Australia,Global,Silvia-O'Callaghan,326,NULL,9.53,NULL,Vinos,D.O.-Barossa-Valley
Vinos,Estados-Unidos,NULL,D.O.-Napa-Blanco,Estados-Unidos,11.11,D.O.-Napa,Botella,30,23.5,5558779,2732-SW-137th-Ave -Davie--OR-8302--USA,NULL,319,Napa-Old-Vine-Cellars,201ZI,NULL,Zinfandel-97,D.O.-Napa-Blanco,Old-Vine-Cellars,Global,Mary-Ann-Smith,319,NULL,12.39,NULL,Vinos,D.O.-Napa
Vinos,Espana,NULL,D.O.-Penedes-Blanco,Espana,2.98,D.O.-Penedes,Botella,30,7.9,933450011,C/-Paris-161-08023-Barcelona--Espana,NULL,305,Cooperativa-del-Penedes,179CH,NULL,Chardonnay-98,D.O.-Penedes-Blanco,Vina-Seleccion,Global,Jordi-Comte,305,NULL,4.92,NULL,Vinos,D.O.-Penedes
Vinos,Espana,NULL,D.O.-Somontano-Tinto,Espana,2.6,D.O.-Somontano,Botella,30,6.2,934507651,Granvia-de-Les-Corts-Catalanes-89-08024-Barcelona--Espana,NULL,307,Compania-Vinicola--S.A.,185TC,NULL,Tinto-Crianza-96,D.O.-Somontano-Tinto,Bodegas-de-Aragon,Global,Mercedes-Salvatella,307,NULL,3.6,NULL,Vinos,D.O.-Somontano
Espumosos,Espana,NULL,D.O.-Cava-Brut,Espana,3.81,D.O.-Cava,Botella,30,10.11,937665421,C/-Palencia-122-08024-Barcelona--Espana,NULL,308,Bodegas-Ferrer,326BN,NULL,Brut-Nature,D.O.-Cava-Brut,Bodegas-Ferrer,Global,Montserrat-Vila,308,NULL,6.3,NULL,Espumosos,D.O.-Cava
Vinos,Chile,NULL,Mendoza-Rosado,Chile,4.84,Mendoza,Botella,15,9.95,6657888,Salud--21-Santiago-45901-Chile,NULL,329,Compania-del-Valle-Montemar,307MA,NULL,Malbec-99,Mendoza-Rosado,Casa-Julia-Montemar,Global,Gregorio-Sullivan,329,NULL,5.11,NULL,Vinos,Mendoza
